
[2026-03-22 19:06:44] START /home/ma-user/anaconda3/envs/PyTorch-2.7.1/bin/python main.py quantization --algorithm flatquant --model_path /home/ma-user/work/models/Qwen2.5-7B-Instruct --device npu:0 --dtype float16 --calibration_dataset pileval --evaluation_dataset wikitext2 --calibration_samples 4 --sequence_length 128 --batch_size 1 --max_eval_chunks 4 --weight_bits 4 --activation_bits 16 --query_bits 16 --key_bits 16 --value_bits 16 --weight_method rtn --flatquant_lr 0.005 --flatquant_lwc --flatquant_lac --flatquant_cali_trans --flatquant_add_diag --no-weight_symmetric --output_root /home/ma-user/work/algorithm-v1/results-npu/quantization
/home/ma-user/anaconda3/envs/PyTorch-2.7.1/lib/python3.11/site-packages/torch_npu/utils/collect_env.py:58: UserWarning: Warning: The /usr/local/Ascend/ascend-toolkit/latest owner does not match the current owner.
  warnings.warn(f"Warning: The {path} owner does not match the current owner.")
/home/ma-user/anaconda3/envs/PyTorch-2.7.1/lib/python3.11/site-packages/torch_npu/utils/collect_env.py:58: UserWarning: Warning: The /usr/local/Ascend/ascend-toolkit/8.3.RC1/aarch64-linux/ascend_toolkit_install.info owner does not match the current owner.
  warnings.warn(f"Warning: The {path} owner does not match the current owner.")
/home/ma-user/anaconda3/envs/PyTorch-2.7.1/lib/python3.11/site-packages/torch_npu/utils/collect_env.py:58: UserWarning: Warning: The /usr/local/Ascend/ascend-toolkit/latest owner does not match the current owner.
  warnings.warn(f"Warning: The {path} owner does not match the current owner.")
/home/ma-user/anaconda3/envs/PyTorch-2.7.1/lib/python3.11/site-packages/torch_npu/utils/collect_env.py:58: UserWarning: Warning: The /usr/local/Ascend/ascend-toolkit/8.3.RC1/aarch64-linux/ascend_toolkit_install.info owner does not match the current owner.
  warnings.warn(f"Warning: The {path} owner does not match the current owner.")
2026-03-22 19:06:58,337 | INFO | algorithm_v1.quantization.base | Loading model from /home/ma-user/work/models/Qwen2.5-7B-Instruct
Loading checkpoint shards:   0%|          | 0/4 [00:00<?, ?it/s]Loading checkpoint shards:  25%|██▌       | 1/4 [00:10<00:32, 10.83s/it]Loading checkpoint shards:  50%|█████     | 2/4 [00:21<00:21, 10.73s/it]Loading checkpoint shards:  75%|███████▌  | 3/4 [00:32<00:10, 10.68s/it]Loading checkpoint shards: 100%|██████████| 4/4 [00:41<00:00, 10.15s/it]Loading checkpoint shards: 100%|██████████| 4/4 [00:41<00:00, 10.36s/it]
2026-03-22 19:08:16,285 | INFO | algorithm_v1.quantization.qat.flatquant.method | Applied FlatQuant wrappers to model
2026-03-22 19:08:19,204 | INFO | algorithm_v1.quantization.qat.flatquant.method | ========= Layer 0 =========
[W322 19:08:19.617672771 compiler_depend.ts:250] Warning: CAUTION: The operator 'aten::_linalg_solve_ex.result' is not currently supported on the NPU backend and will fall back to run on the CPU. This may have performance implications. (function npu_cpu_fallback)
[W322 19:08:20.370981328 compiler_depend.ts:250] Warning: CAUTION: The operator 'aten::linalg_lu_solve.out' is not currently supported on the NPU backend and will fall back to run on the CPU. This may have performance implications. (function npu_cpu_fallback)
2026-03-22 19:08:21,556 | INFO | algorithm_v1.quantization.qat.flatquant.method | layer 0 lwc lac iter 0, lr 0.00494542  time 2.181769s, mse: 0.00090293
2026-03-22 19:08:21,987 | INFO | algorithm_v1.quantization.qat.flatquant.method | layer 0 lwc lac iter 1, lr 0.00478408  time 0.430718s, mse: 0.00086197
2026-03-22 19:08:22,411 | INFO | algorithm_v1.quantization.qat.flatquant.method | layer 0 lwc lac iter 2, lr 0.00452302  time 0.423887s, mse: 0.00083767
2026-03-22 19:08:22,834 | INFO | algorithm_v1.quantization.qat.flatquant.method | layer 0 lwc lac iter 3, lr 0.00417365  time 0.423073s, mse: 0.00080342
2026-03-22 19:08:23,257 | INFO | algorithm_v1.quantization.qat.flatquant.method | layer 0 lwc lac iter 4, lr 0.00375125  time 0.422546s, mse: 0.00077804
2026-03-22 19:08:23,677 | INFO | algorithm_v1.quantization.qat.flatquant.method | layer 0 lwc lac iter 5, lr 0.00327427  time 0.419394s, mse: 0.00076062
2026-03-22 19:08:24,101 | INFO | algorithm_v1.quantization.qat.flatquant.method | layer 0 lwc lac iter 6, lr 0.00276356  time 0.424196s, mse: 0.00074457
2026-03-22 19:08:24,529 | INFO | algorithm_v1.quantization.qat.flatquant.method | layer 0 lwc lac iter 7, lr 0.00224144  time 0.427910s, mse: 0.00073443
2026-03-22 19:08:24,962 | INFO | algorithm_v1.quantization.qat.flatquant.method | layer 0 lwc lac iter 8, lr 0.00173073  time 0.432610s, mse: 0.00073637
2026-03-22 19:08:25,385 | INFO | algorithm_v1.quantization.qat.flatquant.method | layer 0 lwc lac iter 9, lr 0.00125375  time 0.422601s, mse: 0.00072128
2026-03-22 19:08:25,805 | INFO | algorithm_v1.quantization.qat.flatquant.method | layer 0 lwc lac iter 10, lr 0.00083135  time 0.419608s, mse: 0.00071352
2026-03-22 19:08:26,232 | INFO | algorithm_v1.quantization.qat.flatquant.method | layer 0 lwc lac iter 11, lr 0.00048198  time 0.427492s, mse: 0.00071400
2026-03-22 19:08:26,652 | INFO | algorithm_v1.quantization.qat.flatquant.method | layer 0 lwc lac iter 12, lr 0.00022092  time 0.419914s, mse: 0.00070748
2026-03-22 19:08:27,071 | INFO | algorithm_v1.quantization.qat.flatquant.method | layer 0 lwc lac iter 13, lr 0.00005958  time 0.418651s, mse: 0.00070471
2026-03-22 19:08:27,489 | INFO | algorithm_v1.quantization.qat.flatquant.method | layer 0 lwc lac iter 14, lr 0.00000500  time 0.417390s, mse: 0.00070237
2026-03-22 19:08:27,649 | INFO | algorithm_v1.quantization.qat.flatquant.method | saved paramaters at /home/ma-user/work/algorithm-v1/results-npu/quantization/Qwen2.5-7B-Instruct/flatquant/flatquant_w4a16_seq128/flat_parameters.pth
2026-03-22 19:08:28,086 | INFO | algorithm_v1.quantization.qat.flatquant.method | ========= Layer 1 =========
2026-03-22 19:08:28,701 | INFO | algorithm_v1.quantization.qat.flatquant.method | layer 1 lwc lac iter 0, lr 0.00494542  time 0.439445s, mse: 0.00079399
2026-03-22 19:08:29,112 | INFO | algorithm_v1.quantization.qat.flatquant.method | layer 1 lwc lac iter 1, lr 0.00478408  time 0.410017s, mse: 0.00073138
2026-03-22 19:08:29,524 | INFO | algorithm_v1.quantization.qat.flatquant.method | layer 1 lwc lac iter 2, lr 0.00452302  time 0.412325s, mse: 0.00064532
2026-03-22 19:08:29,931 | INFO | algorithm_v1.quantization.qat.flatquant.method | layer 1 lwc lac iter 3, lr 0.00417365  time 0.406511s, mse: 0.00060501
2026-03-22 19:08:30,344 | INFO | algorithm_v1.quantization.qat.flatquant.method | layer 1 lwc lac iter 4, lr 0.00375125  time 0.413285s, mse: 0.00055005
2026-03-22 19:08:30,757 | INFO | algorithm_v1.quantization.qat.flatquant.method | layer 1 lwc lac iter 5, lr 0.00327427  time 0.412565s, mse: 0.00053870
2026-03-22 19:08:31,177 | INFO | algorithm_v1.quantization.qat.flatquant.method | layer 1 lwc lac iter 6, lr 0.00276356  time 0.420005s, mse: 0.00051112
2026-03-22 19:08:31,600 | INFO | algorithm_v1.quantization.qat.flatquant.method | layer 1 lwc lac iter 7, lr 0.00224144  time 0.423005s, mse: 0.00049608
2026-03-22 19:08:32,023 | INFO | algorithm_v1.quantization.qat.flatquant.method | layer 1 lwc lac iter 8, lr 0.00173073  time 0.421972s, mse: 0.00048418
2026-03-22 19:08:32,433 | INFO | algorithm_v1.quantization.qat.flatquant.method | layer 1 lwc lac iter 9, lr 0.00125375  time 0.410450s, mse: 0.00047447
2026-03-22 19:08:32,849 | INFO | algorithm_v1.quantization.qat.flatquant.method | layer 1 lwc lac iter 10, lr 0.00083135  time 0.415455s, mse: 0.00044196
2026-03-22 19:08:33,260 | INFO | algorithm_v1.quantization.qat.flatquant.method | layer 1 lwc lac iter 11, lr 0.00048198  time 0.411247s, mse: 0.00042236
2026-03-22 19:08:33,677 | INFO | algorithm_v1.quantization.qat.flatquant.method | layer 1 lwc lac iter 12, lr 0.00022092  time 0.416137s, mse: 0.00041736
2026-03-22 19:08:34,107 | INFO | algorithm_v1.quantization.qat.flatquant.method | layer 1 lwc lac iter 13, lr 0.00005958  time 0.429941s, mse: 0.00041362
2026-03-22 19:08:34,551 | INFO | algorithm_v1.quantization.qat.flatquant.method | layer 1 lwc lac iter 14, lr 0.00000500  time 0.443979s, mse: 0.00041289
2026-03-22 19:08:34,715 | INFO | algorithm_v1.quantization.qat.flatquant.method | saved paramaters at /home/ma-user/work/algorithm-v1/results-npu/quantization/Qwen2.5-7B-Instruct/flatquant/flatquant_w4a16_seq128/flat_parameters.pth
2026-03-22 19:08:35,149 | INFO | algorithm_v1.quantization.qat.flatquant.method | ========= Layer 2 =========
2026-03-22 19:08:35,804 | INFO | algorithm_v1.quantization.qat.flatquant.method | layer 2 lwc lac iter 0, lr 0.00494542  time 0.470654s, mse: 0.00094333
2026-03-22 19:08:36,254 | INFO | algorithm_v1.quantization.qat.flatquant.method | layer 2 lwc lac iter 1, lr 0.00478408  time 0.450744s, mse: 0.00083377
2026-03-22 19:08:36,680 | INFO | algorithm_v1.quantization.qat.flatquant.method | layer 2 lwc lac iter 2, lr 0.00452302  time 0.425544s, mse: 0.00078963
2026-03-22 19:08:37,104 | INFO | algorithm_v1.quantization.qat.flatquant.method | layer 2 lwc lac iter 3, lr 0.00417365  time 0.423739s, mse: 0.00074361
2026-03-22 19:08:37,522 | INFO | algorithm_v1.quantization.qat.flatquant.method | layer 2 lwc lac iter 4, lr 0.00375125  time 0.417635s, mse: 0.00070582
2026-03-22 19:08:37,945 | INFO | algorithm_v1.quantization.qat.flatquant.method | layer 2 lwc lac iter 5, lr 0.00327427  time 0.422968s, mse: 0.00068462
2026-03-22 19:08:38,375 | INFO | algorithm_v1.quantization.qat.flatquant.method | layer 2 lwc lac iter 6, lr 0.00276356  time 0.429250s, mse: 0.00065813
2026-03-22 19:08:38,786 | INFO | algorithm_v1.quantization.qat.flatquant.method | layer 2 lwc lac iter 7, lr 0.00224144  time 0.411700s, mse: 0.00064461
2026-03-22 19:08:39,207 | INFO | algorithm_v1.quantization.qat.flatquant.method | layer 2 lwc lac iter 8, lr 0.00173073  time 0.420002s, mse: 0.00063653
2026-03-22 19:08:39,629 | INFO | algorithm_v1.quantization.qat.flatquant.method | layer 2 lwc lac iter 9, lr 0.00125375  time 0.422076s, mse: 0.00062188
2026-03-22 19:08:40,052 | INFO | algorithm_v1.quantization.qat.flatquant.method | layer 2 lwc lac iter 10, lr 0.00083135  time 0.422911s, mse: 0.00061276
2026-03-22 19:08:40,471 | INFO | algorithm_v1.quantization.qat.flatquant.method | layer 2 lwc lac iter 11, lr 0.00048198  time 0.418903s, mse: 0.00060564
2026-03-22 19:08:40,897 | INFO | algorithm_v1.quantization.qat.flatquant.method | layer 2 lwc lac iter 12, lr 0.00022092  time 0.426233s, mse: 0.00060227
2026-03-22 19:08:41,318 | INFO | algorithm_v1.quantization.qat.flatquant.method | layer 2 lwc lac iter 13, lr 0.00005958  time 0.419987s, mse: 0.00059522
2026-03-22 19:08:41,733 | INFO | algorithm_v1.quantization.qat.flatquant.method | layer 2 lwc lac iter 14, lr 0.00000500  time 0.415466s, mse: 0.00059761
2026-03-22 19:08:41,907 | INFO | algorithm_v1.quantization.qat.flatquant.method | saved paramaters at /home/ma-user/work/algorithm-v1/results-npu/quantization/Qwen2.5-7B-Instruct/flatquant/flatquant_w4a16_seq128/flat_parameters.pth
2026-03-22 19:08:42,340 | INFO | algorithm_v1.quantization.qat.flatquant.method | ========= Layer 3 =========
2026-03-22 19:08:42,950 | INFO | algorithm_v1.quantization.qat.flatquant.method | layer 3 lwc lac iter 0, lr 0.00494542  time 0.447498s, mse: 0.06397368
2026-03-22 19:08:43,367 | INFO | algorithm_v1.quantization.qat.flatquant.method | layer 3 lwc lac iter 1, lr 0.00478408  time 0.417114s, mse: 0.16136998
2026-03-22 19:08:43,781 | INFO | algorithm_v1.quantization.qat.flatquant.method | layer 3 lwc lac iter 2, lr 0.00452302  time 0.413893s, mse: 0.06822003
2026-03-22 19:08:44,193 | INFO | algorithm_v1.quantization.qat.flatquant.method | layer 3 lwc lac iter 3, lr 0.00417365  time 0.411213s, mse: 0.13581996
2026-03-22 19:08:44,615 | INFO | algorithm_v1.quantization.qat.flatquant.method | layer 3 lwc lac iter 4, lr 0.00375125  time 0.422597s, mse: 0.04686573
2026-03-22 19:08:45,044 | INFO | algorithm_v1.quantization.qat.flatquant.method | layer 3 lwc lac iter 5, lr 0.00327427  time 0.428563s, mse: 0.06638239
2026-03-22 19:08:45,453 | INFO | algorithm_v1.quantization.qat.flatquant.method | layer 3 lwc lac iter 6, lr 0.00276356  time 0.408855s, mse: 0.04534718
2026-03-22 19:08:45,869 | INFO | algorithm_v1.quantization.qat.flatquant.method | layer 3 lwc lac iter 7, lr 0.00224144  time 0.415806s, mse: 0.06676101
2026-03-22 19:08:46,288 | INFO | algorithm_v1.quantization.qat.flatquant.method | layer 3 lwc lac iter 8, lr 0.00173073  time 0.418819s, mse: 0.03924652
2026-03-22 19:08:46,695 | INFO | algorithm_v1.quantization.qat.flatquant.method | layer 3 lwc lac iter 9, lr 0.00125375  time 0.406676s, mse: 0.03959255
2026-03-22 19:08:47,107 | INFO | algorithm_v1.quantization.qat.flatquant.method | layer 3 lwc lac iter 10, lr 0.00083135  time 0.411845s, mse: 0.04550687
2026-03-22 19:08:47,525 | INFO | algorithm_v1.quantization.qat.flatquant.method | layer 3 lwc lac iter 11, lr 0.00048198  time 0.417227s, mse: 0.03901913
2026-03-22 19:08:47,944 | INFO | algorithm_v1.quantization.qat.flatquant.method | layer 3 lwc lac iter 12, lr 0.00022092  time 0.418267s, mse: 0.03780023
2026-03-22 19:08:48,366 | INFO | algorithm_v1.quantization.qat.flatquant.method | layer 3 lwc lac iter 13, lr 0.00005958  time 0.422462s, mse: 0.03897212
2026-03-22 19:08:48,794 | INFO | algorithm_v1.quantization.qat.flatquant.method | layer 3 lwc lac iter 14, lr 0.00000500  time 0.427922s, mse: 0.04722703
2026-03-22 19:08:48,976 | INFO | algorithm_v1.quantization.qat.flatquant.method | saved paramaters at /home/ma-user/work/algorithm-v1/results-npu/quantization/Qwen2.5-7B-Instruct/flatquant/flatquant_w4a16_seq128/flat_parameters.pth
2026-03-22 19:08:49,442 | INFO | algorithm_v1.quantization.qat.flatquant.method | ========= Layer 4 =========
2026-03-22 19:08:50,045 | INFO | algorithm_v1.quantization.qat.flatquant.method | layer 4 lwc lac iter 0, lr 0.00494542  time 0.442949s, mse: 0.02463478
2026-03-22 19:08:50,464 | INFO | algorithm_v1.quantization.qat.flatquant.method | layer 4 lwc lac iter 1, lr 0.00478408  time 0.419033s, mse: 0.02049695
2026-03-22 19:08:50,862 | INFO | algorithm_v1.quantization.qat.flatquant.method | layer 4 lwc lac iter 2, lr 0.00452302  time 0.397201s, mse: 0.01851330
2026-03-22 19:08:51,264 | INFO | algorithm_v1.quantization.qat.flatquant.method | layer 4 lwc lac iter 3, lr 0.00417365  time 0.401816s, mse: 0.01591269
2026-03-22 19:08:51,673 | INFO | algorithm_v1.quantization.qat.flatquant.method | layer 4 lwc lac iter 4, lr 0.00375125  time 0.409405s, mse: 0.01388170
2026-03-22 19:08:52,084 | INFO | algorithm_v1.quantization.qat.flatquant.method | layer 4 lwc lac iter 5, lr 0.00327427  time 0.409798s, mse: 0.01313212
2026-03-22 19:08:52,486 | INFO | algorithm_v1.quantization.qat.flatquant.method | layer 4 lwc lac iter 6, lr 0.00276356  time 0.401769s, mse: 0.01195266
2026-03-22 19:08:52,896 | INFO | algorithm_v1.quantization.qat.flatquant.method | layer 4 lwc lac iter 7, lr 0.00224144  time 0.409921s, mse: 0.01138059
2026-03-22 19:08:53,304 | INFO | algorithm_v1.quantization.qat.flatquant.method | layer 4 lwc lac iter 8, lr 0.00173073  time 0.407343s, mse: 0.01026619
2026-03-22 19:08:53,729 | INFO | algorithm_v1.quantization.qat.flatquant.method | layer 4 lwc lac iter 9, lr 0.00125375  time 0.425631s, mse: 0.00958649
2026-03-22 19:08:54,150 | INFO | algorithm_v1.quantization.qat.flatquant.method | layer 4 lwc lac iter 10, lr 0.00083135  time 0.420569s, mse: 0.00903488
2026-03-22 19:08:54,566 | INFO | algorithm_v1.quantization.qat.flatquant.method | layer 4 lwc lac iter 11, lr 0.00048198  time 0.416101s, mse: 0.00898482
2026-03-22 19:08:54,979 | INFO | algorithm_v1.quantization.qat.flatquant.method | layer 4 lwc lac iter 12, lr 0.00022092  time 0.412400s, mse: 0.00908188
2026-03-22 19:08:55,400 | INFO | algorithm_v1.quantization.qat.flatquant.method | layer 4 lwc lac iter 13, lr 0.00005958  time 0.421089s, mse: 0.00954060
2026-03-22 19:08:55,820 | INFO | algorithm_v1.quantization.qat.flatquant.method | layer 4 lwc lac iter 14, lr 0.00000500  time 0.419314s, mse: 0.01054254
2026-03-22 19:08:56,010 | INFO | algorithm_v1.quantization.qat.flatquant.method | saved paramaters at /home/ma-user/work/algorithm-v1/results-npu/quantization/Qwen2.5-7B-Instruct/flatquant/flatquant_w4a16_seq128/flat_parameters.pth
2026-03-22 19:08:56,435 | INFO | algorithm_v1.quantization.qat.flatquant.method | ========= Layer 5 =========
2026-03-22 19:08:57,029 | INFO | algorithm_v1.quantization.qat.flatquant.method | layer 5 lwc lac iter 0, lr 0.00494542  time 0.430464s, mse: 0.00357223
2026-03-22 19:08:57,436 | INFO | algorithm_v1.quantization.qat.flatquant.method | layer 5 lwc lac iter 1, lr 0.00478408  time 0.406915s, mse: 0.00331442
2026-03-22 19:08:57,848 | INFO | algorithm_v1.quantization.qat.flatquant.method | layer 5 lwc lac iter 2, lr 0.00452302  time 0.411991s, mse: 0.00312941
2026-03-22 19:08:58,267 | INFO | algorithm_v1.quantization.qat.flatquant.method | layer 5 lwc lac iter 3, lr 0.00417365  time 0.418388s, mse: 0.00295368
2026-03-22 19:08:58,681 | INFO | algorithm_v1.quantization.qat.flatquant.method | layer 5 lwc lac iter 4, lr 0.00375125  time 0.414103s, mse: 0.00286683
2026-03-22 19:08:59,103 | INFO | algorithm_v1.quantization.qat.flatquant.method | layer 5 lwc lac iter 5, lr 0.00327427  time 0.421646s, mse: 0.00274266
2026-03-22 19:08:59,518 | INFO | algorithm_v1.quantization.qat.flatquant.method | layer 5 lwc lac iter 6, lr 0.00276356  time 0.414387s, mse: 0.00266636
2026-03-22 19:08:59,940 | INFO | algorithm_v1.quantization.qat.flatquant.method | layer 5 lwc lac iter 7, lr 0.00224144  time 0.422091s, mse: 0.00249220
2026-03-22 19:09:00,370 | INFO | algorithm_v1.quantization.qat.flatquant.method | layer 5 lwc lac iter 8, lr 0.00173073  time 0.429943s, mse: 0.00255177
2026-03-22 19:09:00,775 | INFO | algorithm_v1.quantization.qat.flatquant.method | layer 5 lwc lac iter 9, lr 0.00125375  time 0.404473s, mse: 0.00244971
2026-03-22 19:09:01,193 | INFO | algorithm_v1.quantization.qat.flatquant.method | layer 5 lwc lac iter 10, lr 0.00083135  time 0.417805s, mse: 0.00238177
2026-03-22 19:09:01,606 | INFO | algorithm_v1.quantization.qat.flatquant.method | layer 5 lwc lac iter 11, lr 0.00048198  time 0.413278s, mse: 0.00232080
2026-03-22 19:09:02,018 | INFO | algorithm_v1.quantization.qat.flatquant.method | layer 5 lwc lac iter 12, lr 0.00022092  time 0.411913s, mse: 0.00231501
2026-03-22 19:09:02,450 | INFO | algorithm_v1.quantization.qat.flatquant.method | layer 5 lwc lac iter 13, lr 0.00005958  time 0.431448s, mse: 0.00231143
2026-03-22 19:09:02,860 | INFO | algorithm_v1.quantization.qat.flatquant.method | layer 5 lwc lac iter 14, lr 0.00000500  time 0.409672s, mse: 0.00231162
2026-03-22 19:09:03,056 | INFO | algorithm_v1.quantization.qat.flatquant.method | saved paramaters at /home/ma-user/work/algorithm-v1/results-npu/quantization/Qwen2.5-7B-Instruct/flatquant/flatquant_w4a16_seq128/flat_parameters.pth
2026-03-22 19:09:03,544 | INFO | algorithm_v1.quantization.qat.flatquant.method | ========= Layer 6 =========
2026-03-22 19:09:04,144 | INFO | algorithm_v1.quantization.qat.flatquant.method | layer 6 lwc lac iter 0, lr 0.00494542  time 0.441608s, mse: 0.00654577
2026-03-22 19:09:04,561 | INFO | algorithm_v1.quantization.qat.flatquant.method | layer 6 lwc lac iter 1, lr 0.00478408  time 0.416525s, mse: 0.00604975
2026-03-22 19:09:04,969 | INFO | algorithm_v1.quantization.qat.flatquant.method | layer 6 lwc lac iter 2, lr 0.00452302  time 0.408074s, mse: 0.00568426
2026-03-22 19:09:05,390 | INFO | algorithm_v1.quantization.qat.flatquant.method | layer 6 lwc lac iter 3, lr 0.00417365  time 0.420181s, mse: 0.00539934
2026-03-22 19:09:05,828 | INFO | algorithm_v1.quantization.qat.flatquant.method | layer 6 lwc lac iter 4, lr 0.00375125  time 0.438148s, mse: 0.00522946
2026-03-22 19:09:06,271 | INFO | algorithm_v1.quantization.qat.flatquant.method | layer 6 lwc lac iter 5, lr 0.00327427  time 0.442917s, mse: 0.00509109
2026-03-22 19:09:06,695 | INFO | algorithm_v1.quantization.qat.flatquant.method | layer 6 lwc lac iter 6, lr 0.00276356  time 0.424214s, mse: 0.00500307
2026-03-22 19:09:07,108 | INFO | algorithm_v1.quantization.qat.flatquant.method | layer 6 lwc lac iter 7, lr 0.00224144  time 0.412813s, mse: 0.00486149
2026-03-22 19:09:07,517 | INFO | algorithm_v1.quantization.qat.flatquant.method | layer 6 lwc lac iter 8, lr 0.00173073  time 0.408715s, mse: 0.00478454
2026-03-22 19:09:07,921 | INFO | algorithm_v1.quantization.qat.flatquant.method | layer 6 lwc lac iter 9, lr 0.00125375  time 0.403150s, mse: 0.00474389
2026-03-22 19:09:08,329 | INFO | algorithm_v1.quantization.qat.flatquant.method | layer 6 lwc lac iter 10, lr 0.00083135  time 0.407752s, mse: 0.00467853
2026-03-22 19:09:08,739 | INFO | algorithm_v1.quantization.qat.flatquant.method | layer 6 lwc lac iter 11, lr 0.00048198  time 0.410273s, mse: 0.00461991
2026-03-22 19:09:09,144 | INFO | algorithm_v1.quantization.qat.flatquant.method | layer 6 lwc lac iter 12, lr 0.00022092  time 0.404865s, mse: 0.00459710
2026-03-22 19:09:09,568 | INFO | algorithm_v1.quantization.qat.flatquant.method | layer 6 lwc lac iter 13, lr 0.00005958  time 0.423202s, mse: 0.00458386
2026-03-22 19:09:09,977 | INFO | algorithm_v1.quantization.qat.flatquant.method | layer 6 lwc lac iter 14, lr 0.00000500  time 0.408848s, mse: 0.00457574
2026-03-22 19:09:10,183 | INFO | algorithm_v1.quantization.qat.flatquant.method | saved paramaters at /home/ma-user/work/algorithm-v1/results-npu/quantization/Qwen2.5-7B-Instruct/flatquant/flatquant_w4a16_seq128/flat_parameters.pth
2026-03-22 19:09:10,641 | INFO | algorithm_v1.quantization.qat.flatquant.method | ========= Layer 7 =========
2026-03-22 19:09:11,255 | INFO | algorithm_v1.quantization.qat.flatquant.method | layer 7 lwc lac iter 0, lr 0.00494542  time 0.431013s, mse: 0.00829277
2026-03-22 19:09:11,665 | INFO | algorithm_v1.quantization.qat.flatquant.method | layer 7 lwc lac iter 1, lr 0.00478408  time 0.409854s, mse: 0.00780775
2026-03-22 19:09:12,074 | INFO | algorithm_v1.quantization.qat.flatquant.method | layer 7 lwc lac iter 2, lr 0.00452302  time 0.408987s, mse: 0.00739122
2026-03-22 19:09:12,481 | INFO | algorithm_v1.quantization.qat.flatquant.method | layer 7 lwc lac iter 3, lr 0.00417365  time 0.406996s, mse: 0.00711901
2026-03-22 19:09:12,888 | INFO | algorithm_v1.quantization.qat.flatquant.method | layer 7 lwc lac iter 4, lr 0.00375125  time 0.406569s, mse: 0.00686417
2026-03-22 19:09:13,318 | INFO | algorithm_v1.quantization.qat.flatquant.method | layer 7 lwc lac iter 5, lr 0.00327427  time 0.429204s, mse: 0.00670853
2026-03-22 19:09:13,733 | INFO | algorithm_v1.quantization.qat.flatquant.method | layer 7 lwc lac iter 6, lr 0.00276356  time 0.414991s, mse: 0.00656035
2026-03-22 19:09:14,153 | INFO | algorithm_v1.quantization.qat.flatquant.method | layer 7 lwc lac iter 7, lr 0.00224144  time 0.420104s, mse: 0.00646011
2026-03-22 19:09:14,566 | INFO | algorithm_v1.quantization.qat.flatquant.method | layer 7 lwc lac iter 8, lr 0.00173073  time 0.412889s, mse: 0.00630395
2026-03-22 19:09:14,974 | INFO | algorithm_v1.quantization.qat.flatquant.method | layer 7 lwc lac iter 9, lr 0.00125375  time 0.407593s, mse: 0.00627381
2026-03-22 19:09:15,384 | INFO | algorithm_v1.quantization.qat.flatquant.method | layer 7 lwc lac iter 10, lr 0.00083135  time 0.409364s, mse: 0.00623290
2026-03-22 19:09:15,803 | INFO | algorithm_v1.quantization.qat.flatquant.method | layer 7 lwc lac iter 11, lr 0.00048198  time 0.419252s, mse: 0.00619102
2026-03-22 19:09:16,236 | INFO | algorithm_v1.quantization.qat.flatquant.method | layer 7 lwc lac iter 12, lr 0.00022092  time 0.432353s, mse: 0.00615405
2026-03-22 19:09:16,644 | INFO | algorithm_v1.quantization.qat.flatquant.method | layer 7 lwc lac iter 13, lr 0.00005958  time 0.408581s, mse: 0.00612767
2026-03-22 19:09:17,053 | INFO | algorithm_v1.quantization.qat.flatquant.method | layer 7 lwc lac iter 14, lr 0.00000500  time 0.408620s, mse: 0.00611741
2026-03-22 19:09:17,263 | INFO | algorithm_v1.quantization.qat.flatquant.method | saved paramaters at /home/ma-user/work/algorithm-v1/results-npu/quantization/Qwen2.5-7B-Instruct/flatquant/flatquant_w4a16_seq128/flat_parameters.pth
2026-03-22 19:09:17,704 | INFO | algorithm_v1.quantization.qat.flatquant.method | ========= Layer 8 =========
2026-03-22 19:09:18,317 | INFO | algorithm_v1.quantization.qat.flatquant.method | layer 8 lwc lac iter 0, lr 0.00494542  time 0.431257s, mse: 0.00930960
2026-03-22 19:09:18,732 | INFO | algorithm_v1.quantization.qat.flatquant.method | layer 8 lwc lac iter 1, lr 0.00478408  time 0.414806s, mse: 0.00888441
2026-03-22 19:09:19,136 | INFO | algorithm_v1.quantization.qat.flatquant.method | layer 8 lwc lac iter 2, lr 0.00452302  time 0.403751s, mse: 0.00847237
2026-03-22 19:09:19,559 | INFO | algorithm_v1.quantization.qat.flatquant.method | layer 8 lwc lac iter 3, lr 0.00417365  time 0.423074s, mse: 0.00814574
2026-03-22 19:09:19,971 | INFO | algorithm_v1.quantization.qat.flatquant.method | layer 8 lwc lac iter 4, lr 0.00375125  time 0.411681s, mse: 0.00788299
2026-03-22 19:09:20,392 | INFO | algorithm_v1.quantization.qat.flatquant.method | layer 8 lwc lac iter 5, lr 0.00327427  time 0.420355s, mse: 0.00772736
2026-03-22 19:09:20,824 | INFO | algorithm_v1.quantization.qat.flatquant.method | layer 8 lwc lac iter 6, lr 0.00276356  time 0.431818s, mse: 0.00754049
2026-03-22 19:09:21,244 | INFO | algorithm_v1.quantization.qat.flatquant.method | layer 8 lwc lac iter 7, lr 0.00224144  time 0.419835s, mse: 0.00741714
2026-03-22 19:09:21,650 | INFO | algorithm_v1.quantization.qat.flatquant.method | layer 8 lwc lac iter 8, lr 0.00173073  time 0.406086s, mse: 0.00730386
2026-03-22 19:09:22,062 | INFO | algorithm_v1.quantization.qat.flatquant.method | layer 8 lwc lac iter 9, lr 0.00125375  time 0.412202s, mse: 0.00729018
2026-03-22 19:09:22,469 | INFO | algorithm_v1.quantization.qat.flatquant.method | layer 8 lwc lac iter 10, lr 0.00083135  time 0.406064s, mse: 0.00718200
2026-03-22 19:09:22,876 | INFO | algorithm_v1.quantization.qat.flatquant.method | layer 8 lwc lac iter 11, lr 0.00048198  time 0.406720s, mse: 0.00708483
2026-03-22 19:09:23,294 | INFO | algorithm_v1.quantization.qat.flatquant.method | layer 8 lwc lac iter 12, lr 0.00022092  time 0.417674s, mse: 0.00705874
2026-03-22 19:09:23,707 | INFO | algorithm_v1.quantization.qat.flatquant.method | layer 8 lwc lac iter 13, lr 0.00005958  time 0.413417s, mse: 0.00704357
2026-03-22 19:09:24,126 | INFO | algorithm_v1.quantization.qat.flatquant.method | layer 8 lwc lac iter 14, lr 0.00000500  time 0.418028s, mse: 0.00703120
2026-03-22 19:09:24,346 | INFO | algorithm_v1.quantization.qat.flatquant.method | saved paramaters at /home/ma-user/work/algorithm-v1/results-npu/quantization/Qwen2.5-7B-Instruct/flatquant/flatquant_w4a16_seq128/flat_parameters.pth
2026-03-22 19:09:24,832 | INFO | algorithm_v1.quantization.qat.flatquant.method | ========= Layer 9 =========
2026-03-22 19:09:25,447 | INFO | algorithm_v1.quantization.qat.flatquant.method | layer 9 lwc lac iter 0, lr 0.00494542  time 0.439317s, mse: 0.00965583
2026-03-22 19:09:25,871 | INFO | algorithm_v1.quantization.qat.flatquant.method | layer 9 lwc lac iter 1, lr 0.00478408  time 0.423079s, mse: 0.00897332
2026-03-22 19:09:26,295 | INFO | algorithm_v1.quantization.qat.flatquant.method | layer 9 lwc lac iter 2, lr 0.00452302  time 0.424045s, mse: 0.00865461
2026-03-22 19:09:26,719 | INFO | algorithm_v1.quantization.qat.flatquant.method | layer 9 lwc lac iter 3, lr 0.00417365  time 0.424014s, mse: 0.00812944
2026-03-22 19:09:27,140 | INFO | algorithm_v1.quantization.qat.flatquant.method | layer 9 lwc lac iter 4, lr 0.00375125  time 0.420634s, mse: 0.00797758
2026-03-22 19:09:27,539 | INFO | algorithm_v1.quantization.qat.flatquant.method | layer 9 lwc lac iter 5, lr 0.00327427  time 0.399225s, mse: 0.00776150
2026-03-22 19:09:27,947 | INFO | algorithm_v1.quantization.qat.flatquant.method | layer 9 lwc lac iter 6, lr 0.00276356  time 0.407630s, mse: 0.00761959
2026-03-22 19:09:28,351 | INFO | algorithm_v1.quantization.qat.flatquant.method | layer 9 lwc lac iter 7, lr 0.00224144  time 0.403575s, mse: 0.00753162
2026-03-22 19:09:28,752 | INFO | algorithm_v1.quantization.qat.flatquant.method | layer 9 lwc lac iter 8, lr 0.00173073  time 0.401233s, mse: 0.00737306
2026-03-22 19:09:29,167 | INFO | algorithm_v1.quantization.qat.flatquant.method | layer 9 lwc lac iter 9, lr 0.00125375  time 0.414477s, mse: 0.00733597
2026-03-22 19:09:29,581 | INFO | algorithm_v1.quantization.qat.flatquant.method | layer 9 lwc lac iter 10, lr 0.00083135  time 0.414135s, mse: 0.00728621
2026-03-22 19:09:29,995 | INFO | algorithm_v1.quantization.qat.flatquant.method | layer 9 lwc lac iter 11, lr 0.00048198  time 0.413604s, mse: 0.00729004
2026-03-22 19:09:30,417 | INFO | algorithm_v1.quantization.qat.flatquant.method | layer 9 lwc lac iter 12, lr 0.00022092  time 0.421722s, mse: 0.00724234
2026-03-22 19:09:30,831 | INFO | algorithm_v1.quantization.qat.flatquant.method | layer 9 lwc lac iter 13, lr 0.00005958  time 0.414114s, mse: 0.00722677
2026-03-22 19:09:31,243 | INFO | algorithm_v1.quantization.qat.flatquant.method | layer 9 lwc lac iter 14, lr 0.00000500  time 0.412066s, mse: 0.00719533
2026-03-22 19:09:31,477 | INFO | algorithm_v1.quantization.qat.flatquant.method | saved paramaters at /home/ma-user/work/algorithm-v1/results-npu/quantization/Qwen2.5-7B-Instruct/flatquant/flatquant_w4a16_seq128/flat_parameters.pth
2026-03-22 19:09:31,930 | INFO | algorithm_v1.quantization.qat.flatquant.method | ========= Layer 10 =========
2026-03-22 19:09:32,527 | INFO | algorithm_v1.quantization.qat.flatquant.method | layer 10 lwc lac iter 0, lr 0.00494542  time 0.432344s, mse: 0.00862236
2026-03-22 19:09:32,938 | INFO | algorithm_v1.quantization.qat.flatquant.method | layer 10 lwc lac iter 1, lr 0.00478408  time 0.411246s, mse: 0.00803655
2026-03-22 19:09:33,349 | INFO | algorithm_v1.quantization.qat.flatquant.method | layer 10 lwc lac iter 2, lr 0.00452302  time 0.410574s, mse: 0.00778401
2026-03-22 19:09:33,765 | INFO | algorithm_v1.quantization.qat.flatquant.method | layer 10 lwc lac iter 3, lr 0.00417365  time 0.415756s, mse: 0.00753990
2026-03-22 19:09:34,175 | INFO | algorithm_v1.quantization.qat.flatquant.method | layer 10 lwc lac iter 4, lr 0.00375125  time 0.409467s, mse: 0.00735948
2026-03-22 19:09:34,580 | INFO | algorithm_v1.quantization.qat.flatquant.method | layer 10 lwc lac iter 5, lr 0.00327427  time 0.405160s, mse: 0.00713980
2026-03-22 19:09:34,983 | INFO | algorithm_v1.quantization.qat.flatquant.method | layer 10 lwc lac iter 6, lr 0.00276356  time 0.402955s, mse: 0.00687982
2026-03-22 19:09:35,399 | INFO | algorithm_v1.quantization.qat.flatquant.method | layer 10 lwc lac iter 7, lr 0.00224144  time 0.415489s, mse: 0.00678320
2026-03-22 19:09:35,829 | INFO | algorithm_v1.quantization.qat.flatquant.method | layer 10 lwc lac iter 8, lr 0.00173073  time 0.429446s, mse: 0.00675592
2026-03-22 19:09:36,264 | INFO | algorithm_v1.quantization.qat.flatquant.method | layer 10 lwc lac iter 9, lr 0.00125375  time 0.435190s, mse: 0.00669200
2026-03-22 19:09:36,697 | INFO | algorithm_v1.quantization.qat.flatquant.method | layer 10 lwc lac iter 10, lr 0.00083135  time 0.432572s, mse: 0.00678663
2026-03-22 19:09:37,110 | INFO | algorithm_v1.quantization.qat.flatquant.method | layer 10 lwc lac iter 11, lr 0.00048198  time 0.412842s, mse: 0.00669789
2026-03-22 19:09:37,507 | INFO | algorithm_v1.quantization.qat.flatquant.method | layer 10 lwc lac iter 12, lr 0.00022092  time 0.396802s, mse: 0.00674488
2026-03-22 19:09:37,915 | INFO | algorithm_v1.quantization.qat.flatquant.method | layer 10 lwc lac iter 13, lr 0.00005958  time 0.407782s, mse: 0.00672868
2026-03-22 19:09:38,328 | INFO | algorithm_v1.quantization.qat.flatquant.method | layer 10 lwc lac iter 14, lr 0.00000500  time 0.413448s, mse: 0.00671790
2026-03-22 19:09:38,570 | INFO | algorithm_v1.quantization.qat.flatquant.method | saved paramaters at /home/ma-user/work/algorithm-v1/results-npu/quantization/Qwen2.5-7B-Instruct/flatquant/flatquant_w4a16_seq128/flat_parameters.pth
2026-03-22 19:09:39,043 | INFO | algorithm_v1.quantization.qat.flatquant.method | ========= Layer 11 =========
2026-03-22 19:09:39,642 | INFO | algorithm_v1.quantization.qat.flatquant.method | layer 11 lwc lac iter 0, lr 0.00494542  time 0.428460s, mse: 0.00938851
2026-03-22 19:09:40,066 | INFO | algorithm_v1.quantization.qat.flatquant.method | layer 11 lwc lac iter 1, lr 0.00478408  time 0.423677s, mse: 0.00869031
2026-03-22 19:09:40,479 | INFO | algorithm_v1.quantization.qat.flatquant.method | layer 11 lwc lac iter 2, lr 0.00452302  time 0.412553s, mse: 0.00826100
2026-03-22 19:09:40,882 | INFO | algorithm_v1.quantization.qat.flatquant.method | layer 11 lwc lac iter 3, lr 0.00417365  time 0.402467s, mse: 0.00800504
2026-03-22 19:09:41,288 | INFO | algorithm_v1.quantization.qat.flatquant.method | layer 11 lwc lac iter 4, lr 0.00375125  time 0.406322s, mse: 0.00769813
2026-03-22 19:09:41,695 | INFO | algorithm_v1.quantization.qat.flatquant.method | layer 11 lwc lac iter 5, lr 0.00327427  time 0.406965s, mse: 0.00762369
2026-03-22 19:09:42,098 | INFO | algorithm_v1.quantization.qat.flatquant.method | layer 11 lwc lac iter 6, lr 0.00276356  time 0.402649s, mse: 0.00738997
2026-03-22 19:09:42,504 | INFO | algorithm_v1.quantization.qat.flatquant.method | layer 11 lwc lac iter 7, lr 0.00224144  time 0.405879s, mse: 0.00721637
2026-03-22 19:09:42,928 | INFO | algorithm_v1.quantization.qat.flatquant.method | layer 11 lwc lac iter 8, lr 0.00173073  time 0.423707s, mse: 0.00705331
2026-03-22 19:09:43,337 | INFO | algorithm_v1.quantization.qat.flatquant.method | layer 11 lwc lac iter 9, lr 0.00125375  time 0.408359s, mse: 0.00692092
2026-03-22 19:09:43,744 | INFO | algorithm_v1.quantization.qat.flatquant.method | layer 11 lwc lac iter 10, lr 0.00083135  time 0.407236s, mse: 0.00687638
2026-03-22 19:09:44,150 | INFO | algorithm_v1.quantization.qat.flatquant.method | layer 11 lwc lac iter 11, lr 0.00048198  time 0.405777s, mse: 0.00691574
2026-03-22 19:09:44,556 | INFO | algorithm_v1.quantization.qat.flatquant.method | layer 11 lwc lac iter 12, lr 0.00022092  time 0.406092s, mse: 0.00685707
2026-03-22 19:09:44,976 | INFO | algorithm_v1.quantization.qat.flatquant.method | layer 11 lwc lac iter 13, lr 0.00005958  time 0.419595s, mse: 0.00686533
2026-03-22 19:09:45,384 | INFO | algorithm_v1.quantization.qat.flatquant.method | layer 11 lwc lac iter 14, lr 0.00000500  time 0.407916s, mse: 0.00684980
2026-03-22 19:09:45,638 | INFO | algorithm_v1.quantization.qat.flatquant.method | saved paramaters at /home/ma-user/work/algorithm-v1/results-npu/quantization/Qwen2.5-7B-Instruct/flatquant/flatquant_w4a16_seq128/flat_parameters.pth
2026-03-22 19:09:46,098 | INFO | algorithm_v1.quantization.qat.flatquant.method | ========= Layer 12 =========
2026-03-22 19:09:46,697 | INFO | algorithm_v1.quantization.qat.flatquant.method | layer 12 lwc lac iter 0, lr 0.00494542  time 0.432831s, mse: 0.00856645
2026-03-22 19:09:47,099 | INFO | algorithm_v1.quantization.qat.flatquant.method | layer 12 lwc lac iter 1, lr 0.00478408  time 0.402055s, mse: 0.00814511
2026-03-22 19:09:47,504 | INFO | algorithm_v1.quantization.qat.flatquant.method | layer 12 lwc lac iter 2, lr 0.00452302  time 0.405003s, mse: 0.00770262
2026-03-22 19:09:47,909 | INFO | algorithm_v1.quantization.qat.flatquant.method | layer 12 lwc lac iter 3, lr 0.00417365  time 0.405186s, mse: 0.00743398
2026-03-22 19:09:48,327 | INFO | algorithm_v1.quantization.qat.flatquant.method | layer 12 lwc lac iter 4, lr 0.00375125  time 0.416996s, mse: 0.00730441
2026-03-22 19:09:48,764 | INFO | algorithm_v1.quantization.qat.flatquant.method | layer 12 lwc lac iter 5, lr 0.00327427  time 0.436789s, mse: 0.00712542
2026-03-22 19:09:49,182 | INFO | algorithm_v1.quantization.qat.flatquant.method | layer 12 lwc lac iter 6, lr 0.00276356  time 0.418254s, mse: 0.00691786
2026-03-22 19:09:49,585 | INFO | algorithm_v1.quantization.qat.flatquant.method | layer 12 lwc lac iter 7, lr 0.00224144  time 0.402874s, mse: 0.00676299
2026-03-22 19:09:49,993 | INFO | algorithm_v1.quantization.qat.flatquant.method | layer 12 lwc lac iter 8, lr 0.00173073  time 0.407381s, mse: 0.00662928
2026-03-22 19:09:50,404 | INFO | algorithm_v1.quantization.qat.flatquant.method | layer 12 lwc lac iter 9, lr 0.00125375  time 0.411351s, mse: 0.00652316
2026-03-22 19:09:50,810 | INFO | algorithm_v1.quantization.qat.flatquant.method | layer 12 lwc lac iter 10, lr 0.00083135  time 0.405602s, mse: 0.00649149
2026-03-22 19:09:51,216 | INFO | algorithm_v1.quantization.qat.flatquant.method | layer 12 lwc lac iter 11, lr 0.00048198  time 0.405941s, mse: 0.00645737
2026-03-22 19:09:51,627 | INFO | algorithm_v1.quantization.qat.flatquant.method | layer 12 lwc lac iter 12, lr 0.00022092  time 0.410482s, mse: 0.00639790
2026-03-22 19:09:52,044 | INFO | algorithm_v1.quantization.qat.flatquant.method | layer 12 lwc lac iter 13, lr 0.00005958  time 0.416973s, mse: 0.00646232
2026-03-22 19:09:52,465 | INFO | algorithm_v1.quantization.qat.flatquant.method | layer 12 lwc lac iter 14, lr 0.00000500  time 0.420686s, mse: 0.00646683
2026-03-22 19:09:52,724 | INFO | algorithm_v1.quantization.qat.flatquant.method | saved paramaters at /home/ma-user/work/algorithm-v1/results-npu/quantization/Qwen2.5-7B-Instruct/flatquant/flatquant_w4a16_seq128/flat_parameters.pth
2026-03-22 19:09:53,149 | INFO | algorithm_v1.quantization.qat.flatquant.method | ========= Layer 13 =========
2026-03-22 19:09:53,765 | INFO | algorithm_v1.quantization.qat.flatquant.method | layer 13 lwc lac iter 0, lr 0.00494542  time 0.439291s, mse: 0.00900896
2026-03-22 19:09:54,176 | INFO | algorithm_v1.quantization.qat.flatquant.method | layer 13 lwc lac iter 1, lr 0.00478408  time 0.410155s, mse: 0.00843289
2026-03-22 19:09:54,584 | INFO | algorithm_v1.quantization.qat.flatquant.method | layer 13 lwc lac iter 2, lr 0.00452302  time 0.407990s, mse: 0.00802083
2026-03-22 19:09:54,995 | INFO | algorithm_v1.quantization.qat.flatquant.method | layer 13 lwc lac iter 3, lr 0.00417365  time 0.410568s, mse: 0.00781500
2026-03-22 19:09:55,413 | INFO | algorithm_v1.quantization.qat.flatquant.method | layer 13 lwc lac iter 4, lr 0.00375125  time 0.418233s, mse: 0.00756849
2026-03-22 19:09:55,846 | INFO | algorithm_v1.quantization.qat.flatquant.method | layer 13 lwc lac iter 5, lr 0.00327427  time 0.432395s, mse: 0.00745109
2026-03-22 19:09:56,254 | INFO | algorithm_v1.quantization.qat.flatquant.method | layer 13 lwc lac iter 6, lr 0.00276356  time 0.408185s, mse: 0.00722082
2026-03-22 19:09:56,659 | INFO | algorithm_v1.quantization.qat.flatquant.method | layer 13 lwc lac iter 7, lr 0.00224144  time 0.404648s, mse: 0.00710821
2026-03-22 19:09:57,069 | INFO | algorithm_v1.quantization.qat.flatquant.method | layer 13 lwc lac iter 8, lr 0.00173073  time 0.410093s, mse: 0.00706868
2026-03-22 19:09:57,478 | INFO | algorithm_v1.quantization.qat.flatquant.method | layer 13 lwc lac iter 9, lr 0.00125375  time 0.408630s, mse: 0.00703146
2026-03-22 19:09:57,884 | INFO | algorithm_v1.quantization.qat.flatquant.method | layer 13 lwc lac iter 10, lr 0.00083135  time 0.405595s, mse: 0.00692699
2026-03-22 19:09:58,293 | INFO | algorithm_v1.quantization.qat.flatquant.method | layer 13 lwc lac iter 11, lr 0.00048198  time 0.409512s, mse: 0.00686598
2026-03-22 19:09:58,714 | INFO | algorithm_v1.quantization.qat.flatquant.method | layer 13 lwc lac iter 12, lr 0.00022092  time 0.420159s, mse: 0.00683650
2026-03-22 19:09:59,118 | INFO | algorithm_v1.quantization.qat.flatquant.method | layer 13 lwc lac iter 13, lr 0.00005958  time 0.403590s, mse: 0.00682896
2026-03-22 19:09:59,530 | INFO | algorithm_v1.quantization.qat.flatquant.method | layer 13 lwc lac iter 14, lr 0.00000500  time 0.411484s, mse: 0.00681994
2026-03-22 19:09:59,824 | INFO | algorithm_v1.quantization.qat.flatquant.method | saved paramaters at /home/ma-user/work/algorithm-v1/results-npu/quantization/Qwen2.5-7B-Instruct/flatquant/flatquant_w4a16_seq128/flat_parameters.pth
2026-03-22 19:10:00,311 | INFO | algorithm_v1.quantization.qat.flatquant.method | ========= Layer 14 =========
2026-03-22 19:10:00,919 | INFO | algorithm_v1.quantization.qat.flatquant.method | layer 14 lwc lac iter 0, lr 0.00494542  time 0.433352s, mse: 0.00912387
2026-03-22 19:10:01,334 | INFO | algorithm_v1.quantization.qat.flatquant.method | layer 14 lwc lac iter 1, lr 0.00478408  time 0.414876s, mse: 0.00844687
2026-03-22 19:10:01,750 | INFO | algorithm_v1.quantization.qat.flatquant.method | layer 14 lwc lac iter 2, lr 0.00452302  time 0.415695s, mse: 0.00819656
2026-03-22 19:10:02,158 | INFO | algorithm_v1.quantization.qat.flatquant.method | layer 14 lwc lac iter 3, lr 0.00417365  time 0.407907s, mse: 0.00780851
2026-03-22 19:10:02,580 | INFO | algorithm_v1.quantization.qat.flatquant.method | layer 14 lwc lac iter 4, lr 0.00375125  time 0.421629s, mse: 0.00756421
2026-03-22 19:10:02,989 | INFO | algorithm_v1.quantization.qat.flatquant.method | layer 14 lwc lac iter 5, lr 0.00327427  time 0.408602s, mse: 0.00734056
2026-03-22 19:10:03,404 | INFO | algorithm_v1.quantization.qat.flatquant.method | layer 14 lwc lac iter 6, lr 0.00276356  time 0.414906s, mse: 0.00721066
2026-03-22 19:10:03,811 | INFO | algorithm_v1.quantization.qat.flatquant.method | layer 14 lwc lac iter 7, lr 0.00224144  time 0.406599s, mse: 0.00709365
2026-03-22 19:10:04,237 | INFO | algorithm_v1.quantization.qat.flatquant.method | layer 14 lwc lac iter 8, lr 0.00173073  time 0.425381s, mse: 0.00698810
2026-03-22 19:10:04,661 | INFO | algorithm_v1.quantization.qat.flatquant.method | layer 14 lwc lac iter 9, lr 0.00125375  time 0.424716s, mse: 0.00691377
2026-03-22 19:10:05,079 | INFO | algorithm_v1.quantization.qat.flatquant.method | layer 14 lwc lac iter 10, lr 0.00083135  time 0.417512s, mse: 0.00681511
2026-03-22 19:10:05,495 | INFO | algorithm_v1.quantization.qat.flatquant.method | layer 14 lwc lac iter 11, lr 0.00048198  time 0.416076s, mse: 0.00677258
2026-03-22 19:10:05,922 | INFO | algorithm_v1.quantization.qat.flatquant.method | layer 14 lwc lac iter 12, lr 0.00022092  time 0.426503s, mse: 0.00677142
2026-03-22 19:10:06,356 | INFO | algorithm_v1.quantization.qat.flatquant.method | layer 14 lwc lac iter 13, lr 0.00005958  time 0.433743s, mse: 0.00672570
2026-03-22 19:10:06,783 | INFO | algorithm_v1.quantization.qat.flatquant.method | layer 14 lwc lac iter 14, lr 0.00000500  time 0.426463s, mse: 0.00671199
2026-03-22 19:10:07,066 | INFO | algorithm_v1.quantization.qat.flatquant.method | saved paramaters at /home/ma-user/work/algorithm-v1/results-npu/quantization/Qwen2.5-7B-Instruct/flatquant/flatquant_w4a16_seq128/flat_parameters.pth
2026-03-22 19:10:07,564 | INFO | algorithm_v1.quantization.qat.flatquant.method | ========= Layer 15 =========
2026-03-22 19:10:08,201 | INFO | algorithm_v1.quantization.qat.flatquant.method | layer 15 lwc lac iter 0, lr 0.00494542  time 0.461255s, mse: 0.00871089
2026-03-22 19:10:08,626 | INFO | algorithm_v1.quantization.qat.flatquant.method | layer 15 lwc lac iter 1, lr 0.00478408  time 0.424424s, mse: 0.00818183
2026-03-22 19:10:09,057 | INFO | algorithm_v1.quantization.qat.flatquant.method | layer 15 lwc lac iter 2, lr 0.00452302  time 0.430688s, mse: 0.00772314
2026-03-22 19:10:09,467 | INFO | algorithm_v1.quantization.qat.flatquant.method | layer 15 lwc lac iter 3, lr 0.00417365  time 0.409816s, mse: 0.00749173
2026-03-22 19:10:09,887 | INFO | algorithm_v1.quantization.qat.flatquant.method | layer 15 lwc lac iter 4, lr 0.00375125  time 0.420085s, mse: 0.00724137
2026-03-22 19:10:10,307 | INFO | algorithm_v1.quantization.qat.flatquant.method | layer 15 lwc lac iter 5, lr 0.00327427  time 0.419768s, mse: 0.00705989
2026-03-22 19:10:10,727 | INFO | algorithm_v1.quantization.qat.flatquant.method | layer 15 lwc lac iter 6, lr 0.00276356  time 0.419913s, mse: 0.00691872
2026-03-22 19:10:11,154 | INFO | algorithm_v1.quantization.qat.flatquant.method | layer 15 lwc lac iter 7, lr 0.00224144  time 0.426680s, mse: 0.00676147
2026-03-22 19:10:11,584 | INFO | algorithm_v1.quantization.qat.flatquant.method | layer 15 lwc lac iter 8, lr 0.00173073  time 0.429864s, mse: 0.00671177
2026-03-22 19:10:12,007 | INFO | algorithm_v1.quantization.qat.flatquant.method | layer 15 lwc lac iter 9, lr 0.00125375  time 0.423279s, mse: 0.00665115
2026-03-22 19:10:12,429 | INFO | algorithm_v1.quantization.qat.flatquant.method | layer 15 lwc lac iter 10, lr 0.00083135  time 0.421297s, mse: 0.00660838
2026-03-22 19:10:12,847 | INFO | algorithm_v1.quantization.qat.flatquant.method | layer 15 lwc lac iter 11, lr 0.00048198  time 0.417681s, mse: 0.00654194
2026-03-22 19:10:13,265 | INFO | algorithm_v1.quantization.qat.flatquant.method | layer 15 lwc lac iter 12, lr 0.00022092  time 0.417768s, mse: 0.00651516
2026-03-22 19:10:13,695 | INFO | algorithm_v1.quantization.qat.flatquant.method | layer 15 lwc lac iter 13, lr 0.00005958  time 0.430130s, mse: 0.00649950
2026-03-22 19:10:14,112 | INFO | algorithm_v1.quantization.qat.flatquant.method | layer 15 lwc lac iter 14, lr 0.00000500  time 0.416713s, mse: 0.00649175
2026-03-22 19:10:14,417 | INFO | algorithm_v1.quantization.qat.flatquant.method | saved paramaters at /home/ma-user/work/algorithm-v1/results-npu/quantization/Qwen2.5-7B-Instruct/flatquant/flatquant_w4a16_seq128/flat_parameters.pth
2026-03-22 19:10:14,866 | INFO | algorithm_v1.quantization.qat.flatquant.method | ========= Layer 16 =========
2026-03-22 19:10:15,463 | INFO | algorithm_v1.quantization.qat.flatquant.method | layer 16 lwc lac iter 0, lr 0.00494542  time 0.443814s, mse: 0.00896415
2026-03-22 19:10:15,884 | INFO | algorithm_v1.quantization.qat.flatquant.method | layer 16 lwc lac iter 1, lr 0.00478408  time 0.420500s, mse: 0.00831372
2026-03-22 19:10:16,311 | INFO | algorithm_v1.quantization.qat.flatquant.method | layer 16 lwc lac iter 2, lr 0.00452302  time 0.426999s, mse: 0.00795708
2026-03-22 19:10:16,740 | INFO | algorithm_v1.quantization.qat.flatquant.method | layer 16 lwc lac iter 3, lr 0.00417365  time 0.428750s, mse: 0.00767798
2026-03-22 19:10:17,157 | INFO | algorithm_v1.quantization.qat.flatquant.method | layer 16 lwc lac iter 4, lr 0.00375125  time 0.416410s, mse: 0.00740533
2026-03-22 19:10:17,578 | INFO | algorithm_v1.quantization.qat.flatquant.method | layer 16 lwc lac iter 5, lr 0.00327427  time 0.421185s, mse: 0.00726372
2026-03-22 19:10:17,988 | INFO | algorithm_v1.quantization.qat.flatquant.method | layer 16 lwc lac iter 6, lr 0.00276356  time 0.409348s, mse: 0.00709382
2026-03-22 19:10:18,406 | INFO | algorithm_v1.quantization.qat.flatquant.method | layer 16 lwc lac iter 7, lr 0.00224144  time 0.417765s, mse: 0.00694755
2026-03-22 19:10:18,828 | INFO | algorithm_v1.quantization.qat.flatquant.method | layer 16 lwc lac iter 8, lr 0.00173073  time 0.421602s, mse: 0.00687210
2026-03-22 19:10:19,251 | INFO | algorithm_v1.quantization.qat.flatquant.method | layer 16 lwc lac iter 9, lr 0.00125375  time 0.422878s, mse: 0.00681410
2026-03-22 19:10:19,674 | INFO | algorithm_v1.quantization.qat.flatquant.method | layer 16 lwc lac iter 10, lr 0.00083135  time 0.423093s, mse: 0.00673686
2026-03-22 19:10:20,109 | INFO | algorithm_v1.quantization.qat.flatquant.method | layer 16 lwc lac iter 11, lr 0.00048198  time 0.435084s, mse: 0.00671577
2026-03-22 19:10:20,549 | INFO | algorithm_v1.quantization.qat.flatquant.method | layer 16 lwc lac iter 12, lr 0.00022092  time 0.439565s, mse: 0.00669631
2026-03-22 19:10:20,973 | INFO | algorithm_v1.quantization.qat.flatquant.method | layer 16 lwc lac iter 13, lr 0.00005958  time 0.423792s, mse: 0.00668099
2026-03-22 19:10:21,387 | INFO | algorithm_v1.quantization.qat.flatquant.method | layer 16 lwc lac iter 14, lr 0.00000500  time 0.414124s, mse: 0.00667656
2026-03-22 19:10:21,700 | INFO | algorithm_v1.quantization.qat.flatquant.method | saved paramaters at /home/ma-user/work/algorithm-v1/results-npu/quantization/Qwen2.5-7B-Instruct/flatquant/flatquant_w4a16_seq128/flat_parameters.pth
2026-03-22 19:10:22,148 | INFO | algorithm_v1.quantization.qat.flatquant.method | ========= Layer 17 =========
2026-03-22 19:10:22,750 | INFO | algorithm_v1.quantization.qat.flatquant.method | layer 17 lwc lac iter 0, lr 0.00494542  time 0.441545s, mse: 0.01057999
2026-03-22 19:10:23,162 | INFO | algorithm_v1.quantization.qat.flatquant.method | layer 17 lwc lac iter 1, lr 0.00478408  time 0.412037s, mse: 0.00984898
2026-03-22 19:10:23,587 | INFO | algorithm_v1.quantization.qat.flatquant.method | layer 17 lwc lac iter 2, lr 0.00452302  time 0.425007s, mse: 0.00943313
2026-03-22 19:10:23,995 | INFO | algorithm_v1.quantization.qat.flatquant.method | layer 17 lwc lac iter 3, lr 0.00417365  time 0.407289s, mse: 0.00921306
2026-03-22 19:10:24,418 | INFO | algorithm_v1.quantization.qat.flatquant.method | layer 17 lwc lac iter 4, lr 0.00375125  time 0.423526s, mse: 0.00883877
2026-03-22 19:10:24,829 | INFO | algorithm_v1.quantization.qat.flatquant.method | layer 17 lwc lac iter 5, lr 0.00327427  time 0.410786s, mse: 0.00863711
2026-03-22 19:10:25,241 | INFO | algorithm_v1.quantization.qat.flatquant.method | layer 17 lwc lac iter 6, lr 0.00276356  time 0.411400s, mse: 0.00843421
2026-03-22 19:10:25,665 | INFO | algorithm_v1.quantization.qat.flatquant.method | layer 17 lwc lac iter 7, lr 0.00224144  time 0.424411s, mse: 0.00828568
2026-03-22 19:10:26,091 | INFO | algorithm_v1.quantization.qat.flatquant.method | layer 17 lwc lac iter 8, lr 0.00173073  time 0.425849s, mse: 0.00814069
2026-03-22 19:10:26,525 | INFO | algorithm_v1.quantization.qat.flatquant.method | layer 17 lwc lac iter 9, lr 0.00125375  time 0.433282s, mse: 0.00808200
2026-03-22 19:10:26,955 | INFO | algorithm_v1.quantization.qat.flatquant.method | layer 17 lwc lac iter 10, lr 0.00083135  time 0.430239s, mse: 0.00805819
2026-03-22 19:10:27,395 | INFO | algorithm_v1.quantization.qat.flatquant.method | layer 17 lwc lac iter 11, lr 0.00048198  time 0.438811s, mse: 0.00801692
2026-03-22 19:10:27,809 | INFO | algorithm_v1.quantization.qat.flatquant.method | layer 17 lwc lac iter 12, lr 0.00022092  time 0.413756s, mse: 0.00799587
2026-03-22 19:10:28,230 | INFO | algorithm_v1.quantization.qat.flatquant.method | layer 17 lwc lac iter 13, lr 0.00005958  time 0.420643s, mse: 0.00800290
2026-03-22 19:10:28,654 | INFO | algorithm_v1.quantization.qat.flatquant.method | layer 17 lwc lac iter 14, lr 0.00000500  time 0.424005s, mse: 0.00797848
2026-03-22 19:10:28,970 | INFO | algorithm_v1.quantization.qat.flatquant.method | saved paramaters at /home/ma-user/work/algorithm-v1/results-npu/quantization/Qwen2.5-7B-Instruct/flatquant/flatquant_w4a16_seq128/flat_parameters.pth
2026-03-22 19:10:29,442 | INFO | algorithm_v1.quantization.qat.flatquant.method | ========= Layer 18 =========
2026-03-22 19:10:30,062 | INFO | algorithm_v1.quantization.qat.flatquant.method | layer 18 lwc lac iter 0, lr 0.00494542  time 0.434596s, mse: 0.01512701
2026-03-22 19:10:30,479 | INFO | algorithm_v1.quantization.qat.flatquant.method | layer 18 lwc lac iter 1, lr 0.00478408  time 0.417066s, mse: 0.01415410
2026-03-22 19:10:30,889 | INFO | algorithm_v1.quantization.qat.flatquant.method | layer 18 lwc lac iter 2, lr 0.00452302  time 0.409841s, mse: 0.01340662
2026-03-22 19:10:31,308 | INFO | algorithm_v1.quantization.qat.flatquant.method | layer 18 lwc lac iter 3, lr 0.00417365  time 0.418138s, mse: 0.01273488
2026-03-22 19:10:31,733 | INFO | algorithm_v1.quantization.qat.flatquant.method | layer 18 lwc lac iter 4, lr 0.00375125  time 0.425348s, mse: 0.01222971
2026-03-22 19:10:32,209 | INFO | algorithm_v1.quantization.qat.flatquant.method | layer 18 lwc lac iter 5, lr 0.00327427  time 0.476010s, mse: 0.01188773
2026-03-22 19:10:32,626 | INFO | algorithm_v1.quantization.qat.flatquant.method | layer 18 lwc lac iter 6, lr 0.00276356  time 0.416398s, mse: 0.01163644
2026-03-22 19:10:33,042 | INFO | algorithm_v1.quantization.qat.flatquant.method | layer 18 lwc lac iter 7, lr 0.00224144  time 0.416241s, mse: 0.01144931
2026-03-22 19:10:33,454 | INFO | algorithm_v1.quantization.qat.flatquant.method | layer 18 lwc lac iter 8, lr 0.00173073  time 0.412010s, mse: 0.01133537
2026-03-22 19:10:33,871 | INFO | algorithm_v1.quantization.qat.flatquant.method | layer 18 lwc lac iter 9, lr 0.00125375  time 0.416577s, mse: 0.01121625
2026-03-22 19:10:34,281 | INFO | algorithm_v1.quantization.qat.flatquant.method | layer 18 lwc lac iter 10, lr 0.00083135  time 0.409632s, mse: 0.01113123
2026-03-22 19:10:34,692 | INFO | algorithm_v1.quantization.qat.flatquant.method | layer 18 lwc lac iter 11, lr 0.00048198  time 0.410544s, mse: 0.01105721
2026-03-22 19:10:35,113 | INFO | algorithm_v1.quantization.qat.flatquant.method | layer 18 lwc lac iter 12, lr 0.00022092  time 0.420721s, mse: 0.01095660
2026-03-22 19:10:35,532 | INFO | algorithm_v1.quantization.qat.flatquant.method | layer 18 lwc lac iter 13, lr 0.00005958  time 0.419317s, mse: 0.01089457
2026-03-22 19:10:35,978 | INFO | algorithm_v1.quantization.qat.flatquant.method | layer 18 lwc lac iter 14, lr 0.00000500  time 0.445120s, mse: 0.01087130
2026-03-22 19:10:36,336 | INFO | algorithm_v1.quantization.qat.flatquant.method | saved paramaters at /home/ma-user/work/algorithm-v1/results-npu/quantization/Qwen2.5-7B-Instruct/flatquant/flatquant_w4a16_seq128/flat_parameters.pth
2026-03-22 19:10:36,785 | INFO | algorithm_v1.quantization.qat.flatquant.method | ========= Layer 19 =========
2026-03-22 19:10:37,292 | INFO | algorithm_v1.quantization.qat.flatquant.method | layer 19 lwc lac iter 0, lr 0.00494542  time 0.447579s, mse: 0.02048687
2026-03-22 19:10:37,734 | INFO | algorithm_v1.quantization.qat.flatquant.method | layer 19 lwc lac iter 1, lr 0.00478408  time 0.441115s, mse: 0.01902049
2026-03-22 19:10:38,166 | INFO | algorithm_v1.quantization.qat.flatquant.method | layer 19 lwc lac iter 2, lr 0.00452302  time 0.432123s, mse: 0.01796960
2026-03-22 19:10:38,619 | INFO | algorithm_v1.quantization.qat.flatquant.method | layer 19 lwc lac iter 3, lr 0.00417365  time 0.452523s, mse: 0.01703660
2026-03-22 19:10:39,067 | INFO | algorithm_v1.quantization.qat.flatquant.method | layer 19 lwc lac iter 4, lr 0.00375125  time 0.448135s, mse: 0.01654947
2026-03-22 19:10:39,503 | INFO | algorithm_v1.quantization.qat.flatquant.method | layer 19 lwc lac iter 5, lr 0.00327427  time 0.435173s, mse: 0.01619868
2026-03-22 19:10:39,952 | INFO | algorithm_v1.quantization.qat.flatquant.method | layer 19 lwc lac iter 6, lr 0.00276356  time 0.448652s, mse: 0.01574120
2026-03-22 19:10:40,399 | INFO | algorithm_v1.quantization.qat.flatquant.method | layer 19 lwc lac iter 7, lr 0.00224144  time 0.447394s, mse: 0.01549487
2026-03-22 19:10:40,858 | INFO | algorithm_v1.quantization.qat.flatquant.method | layer 19 lwc lac iter 8, lr 0.00173073  time 0.458737s, mse: 0.01526019
2026-03-22 19:10:41,289 | INFO | algorithm_v1.quantization.qat.flatquant.method | layer 19 lwc lac iter 9, lr 0.00125375  time 0.430926s, mse: 0.01508104
2026-03-22 19:10:41,699 | INFO | algorithm_v1.quantization.qat.flatquant.method | layer 19 lwc lac iter 10, lr 0.00083135  time 0.409827s, mse: 0.01497839
2026-03-22 19:10:42,126 | INFO | algorithm_v1.quantization.qat.flatquant.method | layer 19 lwc lac iter 11, lr 0.00048198  time 0.425913s, mse: 0.01490843
2026-03-22 19:10:42,542 | INFO | algorithm_v1.quantization.qat.flatquant.method | layer 19 lwc lac iter 12, lr 0.00022092  time 0.416115s, mse: 0.01483886
2026-03-22 19:10:42,944 | INFO | algorithm_v1.quantization.qat.flatquant.method | layer 19 lwc lac iter 13, lr 0.00005958  time 0.401931s, mse: 0.01481013
2026-03-22 19:10:43,349 | INFO | algorithm_v1.quantization.qat.flatquant.method | layer 19 lwc lac iter 14, lr 0.00000500  time 0.404443s, mse: 0.01475796
2026-03-22 19:10:43,684 | INFO | algorithm_v1.quantization.qat.flatquant.method | saved paramaters at /home/ma-user/work/algorithm-v1/results-npu/quantization/Qwen2.5-7B-Instruct/flatquant/flatquant_w4a16_seq128/flat_parameters.pth
2026-03-22 19:10:44,142 | INFO | algorithm_v1.quantization.qat.flatquant.method | ========= Layer 20 =========
2026-03-22 19:10:44,760 | INFO | algorithm_v1.quantization.qat.flatquant.method | layer 20 lwc lac iter 0, lr 0.00494542  time 0.456549s, mse: 0.02911185
2026-03-22 19:10:45,188 | INFO | algorithm_v1.quantization.qat.flatquant.method | layer 20 lwc lac iter 1, lr 0.00478408  time 0.427654s, mse: 0.02677244
2026-03-22 19:10:45,617 | INFO | algorithm_v1.quantization.qat.flatquant.method | layer 20 lwc lac iter 2, lr 0.00452302  time 0.428473s, mse: 0.02512726
2026-03-22 19:10:46,034 | INFO | algorithm_v1.quantization.qat.flatquant.method | layer 20 lwc lac iter 3, lr 0.00417365  time 0.417293s, mse: 0.02407116
2026-03-22 19:10:46,455 | INFO | algorithm_v1.quantization.qat.flatquant.method | layer 20 lwc lac iter 4, lr 0.00375125  time 0.420329s, mse: 0.02317210
2026-03-22 19:10:46,871 | INFO | algorithm_v1.quantization.qat.flatquant.method | layer 20 lwc lac iter 5, lr 0.00327427  time 0.416347s, mse: 0.02228690
2026-03-22 19:10:47,274 | INFO | algorithm_v1.quantization.qat.flatquant.method | layer 20 lwc lac iter 6, lr 0.00276356  time 0.402513s, mse: 0.02173205
2026-03-22 19:10:47,693 | INFO | algorithm_v1.quantization.qat.flatquant.method | layer 20 lwc lac iter 7, lr 0.00224144  time 0.419079s, mse: 0.02119646
2026-03-22 19:10:48,103 | INFO | algorithm_v1.quantization.qat.flatquant.method | layer 20 lwc lac iter 8, lr 0.00173073  time 0.410254s, mse: 0.02079079
2026-03-22 19:10:48,522 | INFO | algorithm_v1.quantization.qat.flatquant.method | layer 20 lwc lac iter 9, lr 0.00125375  time 0.418654s, mse: 0.02058689
2026-03-22 19:10:48,931 | INFO | algorithm_v1.quantization.qat.flatquant.method | layer 20 lwc lac iter 10, lr 0.00083135  time 0.408691s, mse: 0.02040011
2026-03-22 19:10:49,353 | INFO | algorithm_v1.quantization.qat.flatquant.method | layer 20 lwc lac iter 11, lr 0.00048198  time 0.421362s, mse: 0.02025710
2026-03-22 19:10:49,763 | INFO | algorithm_v1.quantization.qat.flatquant.method | layer 20 lwc lac iter 12, lr 0.00022092  time 0.410290s, mse: 0.02019968
2026-03-22 19:10:50,175 | INFO | algorithm_v1.quantization.qat.flatquant.method | layer 20 lwc lac iter 13, lr 0.00005958  time 0.411900s, mse: 0.02012463
2026-03-22 19:10:50,590 | INFO | algorithm_v1.quantization.qat.flatquant.method | layer 20 lwc lac iter 14, lr 0.00000500  time 0.414231s, mse: 0.02013623
2026-03-22 19:10:50,943 | INFO | algorithm_v1.quantization.qat.flatquant.method | saved paramaters at /home/ma-user/work/algorithm-v1/results-npu/quantization/Qwen2.5-7B-Instruct/flatquant/flatquant_w4a16_seq128/flat_parameters.pth
2026-03-22 19:10:51,387 | INFO | algorithm_v1.quantization.qat.flatquant.method | ========= Layer 21 =========
2026-03-22 19:10:51,981 | INFO | algorithm_v1.quantization.qat.flatquant.method | layer 21 lwc lac iter 0, lr 0.00494542  time 0.441482s, mse: 0.04254521
2026-03-22 19:10:52,404 | INFO | algorithm_v1.quantization.qat.flatquant.method | layer 21 lwc lac iter 1, lr 0.00478408  time 0.422751s, mse: 0.03955585
2026-03-22 19:10:52,828 | INFO | algorithm_v1.quantization.qat.flatquant.method | layer 21 lwc lac iter 2, lr 0.00452302  time 0.423668s, mse: 0.03721725
2026-03-22 19:10:53,250 | INFO | algorithm_v1.quantization.qat.flatquant.method | layer 21 lwc lac iter 3, lr 0.00417365  time 0.421759s, mse: 0.03534875
2026-03-22 19:10:53,700 | INFO | algorithm_v1.quantization.qat.flatquant.method | layer 21 lwc lac iter 4, lr 0.00375125  time 0.450200s, mse: 0.03435270
2026-03-22 19:10:54,153 | INFO | algorithm_v1.quantization.qat.flatquant.method | layer 21 lwc lac iter 5, lr 0.00327427  time 0.452162s, mse: 0.03334707
2026-03-22 19:10:54,570 | INFO | algorithm_v1.quantization.qat.flatquant.method | layer 21 lwc lac iter 6, lr 0.00276356  time 0.417200s, mse: 0.03227597
2026-03-22 19:10:54,988 | INFO | algorithm_v1.quantization.qat.flatquant.method | layer 21 lwc lac iter 7, lr 0.00224144  time 0.417587s, mse: 0.03171453
2026-03-22 19:10:55,402 | INFO | algorithm_v1.quantization.qat.flatquant.method | layer 21 lwc lac iter 8, lr 0.00173073  time 0.414312s, mse: 0.03115671
2026-03-22 19:10:55,822 | INFO | algorithm_v1.quantization.qat.flatquant.method | layer 21 lwc lac iter 9, lr 0.00125375  time 0.419846s, mse: 0.03085262
2026-03-22 19:10:56,262 | INFO | algorithm_v1.quantization.qat.flatquant.method | layer 21 lwc lac iter 10, lr 0.00083135  time 0.439181s, mse: 0.03061989
2026-03-22 19:10:56,681 | INFO | algorithm_v1.quantization.qat.flatquant.method | layer 21 lwc lac iter 11, lr 0.00048198  time 0.419217s, mse: 0.03042073
2026-03-22 19:10:57,102 | INFO | algorithm_v1.quantization.qat.flatquant.method | layer 21 lwc lac iter 12, lr 0.00022092  time 0.420119s, mse: 0.03041869
2026-03-22 19:10:57,533 | INFO | algorithm_v1.quantization.qat.flatquant.method | layer 21 lwc lac iter 13, lr 0.00005958  time 0.431697s, mse: 0.03029498
2026-03-22 19:10:57,959 | INFO | algorithm_v1.quantization.qat.flatquant.method | layer 21 lwc lac iter 14, lr 0.00000500  time 0.424944s, mse: 0.03017158
2026-03-22 19:10:58,313 | INFO | algorithm_v1.quantization.qat.flatquant.method | saved paramaters at /home/ma-user/work/algorithm-v1/results-npu/quantization/Qwen2.5-7B-Instruct/flatquant/flatquant_w4a16_seq128/flat_parameters.pth
2026-03-22 19:10:58,774 | INFO | algorithm_v1.quantization.qat.flatquant.method | ========= Layer 22 =========
2026-03-22 19:10:59,315 | INFO | algorithm_v1.quantization.qat.flatquant.method | layer 22 lwc lac iter 0, lr 0.00494542  time 0.450489s, mse: 0.06514674
2026-03-22 19:10:59,751 | INFO | algorithm_v1.quantization.qat.flatquant.method | layer 22 lwc lac iter 1, lr 0.00478408  time 0.435483s, mse: 0.05976102
2026-03-22 19:11:00,193 | INFO | algorithm_v1.quantization.qat.flatquant.method | layer 22 lwc lac iter 2, lr 0.00452302  time 0.441506s, mse: 0.05563194
2026-03-22 19:11:00,613 | INFO | algorithm_v1.quantization.qat.flatquant.method | layer 22 lwc lac iter 3, lr 0.00417365  time 0.420542s, mse: 0.05311523
2026-03-22 19:11:01,035 | INFO | algorithm_v1.quantization.qat.flatquant.method | layer 22 lwc lac iter 4, lr 0.00375125  time 0.420975s, mse: 0.05082146
2026-03-22 19:11:01,446 | INFO | algorithm_v1.quantization.qat.flatquant.method | layer 22 lwc lac iter 5, lr 0.00327427  time 0.411786s, mse: 0.04935942
2026-03-22 19:11:01,858 | INFO | algorithm_v1.quantization.qat.flatquant.method | layer 22 lwc lac iter 6, lr 0.00276356  time 0.411206s, mse: 0.04787391
2026-03-22 19:11:02,273 | INFO | algorithm_v1.quantization.qat.flatquant.method | layer 22 lwc lac iter 7, lr 0.00224144  time 0.415264s, mse: 0.04664895
2026-03-22 19:11:02,690 | INFO | algorithm_v1.quantization.qat.flatquant.method | layer 22 lwc lac iter 8, lr 0.00173073  time 0.416821s, mse: 0.04600393
2026-03-22 19:11:03,104 | INFO | algorithm_v1.quantization.qat.flatquant.method | layer 22 lwc lac iter 9, lr 0.00125375  time 0.413603s, mse: 0.04517879
2026-03-22 19:11:03,516 | INFO | algorithm_v1.quantization.qat.flatquant.method | layer 22 lwc lac iter 10, lr 0.00083135  time 0.411979s, mse: 0.04504614
2026-03-22 19:11:03,934 | INFO | algorithm_v1.quantization.qat.flatquant.method | layer 22 lwc lac iter 11, lr 0.00048198  time 0.417319s, mse: 0.04468020
2026-03-22 19:11:04,345 | INFO | algorithm_v1.quantization.qat.flatquant.method | layer 22 lwc lac iter 12, lr 0.00022092  time 0.410823s, mse: 0.04436845
2026-03-22 19:11:04,769 | INFO | algorithm_v1.quantization.qat.flatquant.method | layer 22 lwc lac iter 13, lr 0.00005958  time 0.423708s, mse: 0.04411449
2026-03-22 19:11:05,179 | INFO | algorithm_v1.quantization.qat.flatquant.method | layer 22 lwc lac iter 14, lr 0.00000500  time 0.409958s, mse: 0.04405958
2026-03-22 19:11:05,540 | INFO | algorithm_v1.quantization.qat.flatquant.method | saved paramaters at /home/ma-user/work/algorithm-v1/results-npu/quantization/Qwen2.5-7B-Instruct/flatquant/flatquant_w4a16_seq128/flat_parameters.pth
2026-03-22 19:11:05,989 | INFO | algorithm_v1.quantization.qat.flatquant.method | ========= Layer 23 =========
2026-03-22 19:11:06,595 | INFO | algorithm_v1.quantization.qat.flatquant.method | layer 23 lwc lac iter 0, lr 0.00494542  time 0.447168s, mse: 0.08653412
2026-03-22 19:11:07,024 | INFO | algorithm_v1.quantization.qat.flatquant.method | layer 23 lwc lac iter 1, lr 0.00478408  time 0.428307s, mse: 0.07941029
2026-03-22 19:11:07,432 | INFO | algorithm_v1.quantization.qat.flatquant.method | layer 23 lwc lac iter 2, lr 0.00452302  time 0.407979s, mse: 0.07567017
2026-03-22 19:11:07,842 | INFO | algorithm_v1.quantization.qat.flatquant.method | layer 23 lwc lac iter 3, lr 0.00417365  time 0.410028s, mse: 0.07294510
2026-03-22 19:11:08,258 | INFO | algorithm_v1.quantization.qat.flatquant.method | layer 23 lwc lac iter 4, lr 0.00375125  time 0.415313s, mse: 0.07055131
2026-03-22 19:11:08,677 | INFO | algorithm_v1.quantization.qat.flatquant.method | layer 23 lwc lac iter 5, lr 0.00327427  time 0.419738s, mse: 0.06880756
2026-03-22 19:11:09,101 | INFO | algorithm_v1.quantization.qat.flatquant.method | layer 23 lwc lac iter 6, lr 0.00276356  time 0.422837s, mse: 0.06683561
2026-03-22 19:11:09,526 | INFO | algorithm_v1.quantization.qat.flatquant.method | layer 23 lwc lac iter 7, lr 0.00224144  time 0.425723s, mse: 0.06530216
2026-03-22 19:11:09,951 | INFO | algorithm_v1.quantization.qat.flatquant.method | layer 23 lwc lac iter 8, lr 0.00173073  time 0.423970s, mse: 0.06422200
2026-03-22 19:11:10,356 | INFO | algorithm_v1.quantization.qat.flatquant.method | layer 23 lwc lac iter 9, lr 0.00125375  time 0.405483s, mse: 0.06354778
2026-03-22 19:11:10,783 | INFO | algorithm_v1.quantization.qat.flatquant.method | layer 23 lwc lac iter 10, lr 0.00083135  time 0.426358s, mse: 0.06298438
2026-03-22 19:11:11,195 | INFO | algorithm_v1.quantization.qat.flatquant.method | layer 23 lwc lac iter 11, lr 0.00048198  time 0.411751s, mse: 0.06257040
2026-03-22 19:11:11,612 | INFO | algorithm_v1.quantization.qat.flatquant.method | layer 23 lwc lac iter 12, lr 0.00022092  time 0.417097s, mse: 0.06216379
2026-03-22 19:11:12,025 | INFO | algorithm_v1.quantization.qat.flatquant.method | layer 23 lwc lac iter 13, lr 0.00005958  time 0.412549s, mse: 0.06216846
2026-03-22 19:11:12,446 | INFO | algorithm_v1.quantization.qat.flatquant.method | layer 23 lwc lac iter 14, lr 0.00000500  time 0.421401s, mse: 0.06219988
2026-03-22 19:11:12,818 | INFO | algorithm_v1.quantization.qat.flatquant.method | saved paramaters at /home/ma-user/work/algorithm-v1/results-npu/quantization/Qwen2.5-7B-Instruct/flatquant/flatquant_w4a16_seq128/flat_parameters.pth
2026-03-22 19:11:13,249 | INFO | algorithm_v1.quantization.qat.flatquant.method | ========= Layer 24 =========
2026-03-22 19:11:13,870 | INFO | algorithm_v1.quantization.qat.flatquant.method | layer 24 lwc lac iter 0, lr 0.00494542  time 0.445695s, mse: 0.13794389
2026-03-22 19:11:14,295 | INFO | algorithm_v1.quantization.qat.flatquant.method | layer 24 lwc lac iter 1, lr 0.00478408  time 0.424853s, mse: 0.12753505
2026-03-22 19:11:14,718 | INFO | algorithm_v1.quantization.qat.flatquant.method | layer 24 lwc lac iter 2, lr 0.00452302  time 0.422372s, mse: 0.12109648
2026-03-22 19:11:15,131 | INFO | algorithm_v1.quantization.qat.flatquant.method | layer 24 lwc lac iter 3, lr 0.00417365  time 0.413552s, mse: 0.11541677
2026-03-22 19:11:15,569 | INFO | algorithm_v1.quantization.qat.flatquant.method | layer 24 lwc lac iter 4, lr 0.00375125  time 0.437832s, mse: 0.11215982
2026-03-22 19:11:15,998 | INFO | algorithm_v1.quantization.qat.flatquant.method | layer 24 lwc lac iter 5, lr 0.00327427  time 0.428686s, mse: 0.10948516
2026-03-22 19:11:16,428 | INFO | algorithm_v1.quantization.qat.flatquant.method | layer 24 lwc lac iter 6, lr 0.00276356  time 0.429480s, mse: 0.10746346
2026-03-22 19:11:16,838 | INFO | algorithm_v1.quantization.qat.flatquant.method | layer 24 lwc lac iter 7, lr 0.00224144  time 0.409722s, mse: 0.10518502
2026-03-22 19:11:17,267 | INFO | algorithm_v1.quantization.qat.flatquant.method | layer 24 lwc lac iter 8, lr 0.00173073  time 0.428594s, mse: 0.10465868
2026-03-22 19:11:17,674 | INFO | algorithm_v1.quantization.qat.flatquant.method | layer 24 lwc lac iter 9, lr 0.00125375  time 0.407610s, mse: 0.10373791
2026-03-22 19:11:18,087 | INFO | algorithm_v1.quantization.qat.flatquant.method | layer 24 lwc lac iter 10, lr 0.00083135  time 0.412481s, mse: 0.10330722
2026-03-22 19:11:18,501 | INFO | algorithm_v1.quantization.qat.flatquant.method | layer 24 lwc lac iter 11, lr 0.00048198  time 0.414200s, mse: 0.10177574
2026-03-22 19:11:18,916 | INFO | algorithm_v1.quantization.qat.flatquant.method | layer 24 lwc lac iter 12, lr 0.00022092  time 0.414156s, mse: 0.10127524
2026-03-22 19:11:19,359 | INFO | algorithm_v1.quantization.qat.flatquant.method | layer 24 lwc lac iter 13, lr 0.00005958  time 0.443424s, mse: 0.10084678
2026-03-22 19:11:19,795 | INFO | algorithm_v1.quantization.qat.flatquant.method | layer 24 lwc lac iter 14, lr 0.00000500  time 0.435789s, mse: 0.10075064
2026-03-22 19:11:20,161 | INFO | algorithm_v1.quantization.qat.flatquant.method | saved paramaters at /home/ma-user/work/algorithm-v1/results-npu/quantization/Qwen2.5-7B-Instruct/flatquant/flatquant_w4a16_seq128/flat_parameters.pth
2026-03-22 19:11:20,633 | INFO | algorithm_v1.quantization.qat.flatquant.method | ========= Layer 25 =========
2026-03-22 19:11:21,248 | INFO | algorithm_v1.quantization.qat.flatquant.method | layer 25 lwc lac iter 0, lr 0.00494542  time 0.444823s, mse: 0.26153240
2026-03-22 19:11:21,670 | INFO | algorithm_v1.quantization.qat.flatquant.method | layer 25 lwc lac iter 1, lr 0.00478408  time 0.421961s, mse: 0.25022596
2026-03-22 19:11:22,091 | INFO | algorithm_v1.quantization.qat.flatquant.method | layer 25 lwc lac iter 2, lr 0.00452302  time 0.420654s, mse: 0.22431129
2026-03-22 19:11:22,505 | INFO | algorithm_v1.quantization.qat.flatquant.method | layer 25 lwc lac iter 3, lr 0.00417365  time 0.413950s, mse: 0.20981616
2026-03-22 19:11:22,926 | INFO | algorithm_v1.quantization.qat.flatquant.method | layer 25 lwc lac iter 4, lr 0.00375125  time 0.420931s, mse: 0.20319618
2026-03-22 19:11:23,346 | INFO | algorithm_v1.quantization.qat.flatquant.method | layer 25 lwc lac iter 5, lr 0.00327427  time 0.420349s, mse: 0.20496964
2026-03-22 19:11:23,757 | INFO | algorithm_v1.quantization.qat.flatquant.method | layer 25 lwc lac iter 6, lr 0.00276356  time 0.410441s, mse: 0.18900165
2026-03-22 19:11:24,184 | INFO | algorithm_v1.quantization.qat.flatquant.method | layer 25 lwc lac iter 7, lr 0.00224144  time 0.426657s, mse: 0.18414271
2026-03-22 19:11:24,600 | INFO | algorithm_v1.quantization.qat.flatquant.method | layer 25 lwc lac iter 8, lr 0.00173073  time 0.415849s, mse: 0.18100630
2026-03-22 19:11:25,016 | INFO | algorithm_v1.quantization.qat.flatquant.method | layer 25 lwc lac iter 9, lr 0.00125375  time 0.415609s, mse: 0.17822295
2026-03-22 19:11:25,431 | INFO | algorithm_v1.quantization.qat.flatquant.method | layer 25 lwc lac iter 10, lr 0.00083135  time 0.415040s, mse: 0.17642203
2026-03-22 19:11:25,842 | INFO | algorithm_v1.quantization.qat.flatquant.method | layer 25 lwc lac iter 11, lr 0.00048198  time 0.411132s, mse: 0.17410928
2026-03-22 19:11:26,269 | INFO | algorithm_v1.quantization.qat.flatquant.method | layer 25 lwc lac iter 12, lr 0.00022092  time 0.426298s, mse: 0.17291637
2026-03-22 19:11:26,688 | INFO | algorithm_v1.quantization.qat.flatquant.method | layer 25 lwc lac iter 13, lr 0.00005958  time 0.419310s, mse: 0.17226832
2026-03-22 19:11:27,110 | INFO | algorithm_v1.quantization.qat.flatquant.method | layer 25 lwc lac iter 14, lr 0.00000500  time 0.421081s, mse: 0.17226519
2026-03-22 19:11:27,492 | INFO | algorithm_v1.quantization.qat.flatquant.method | saved paramaters at /home/ma-user/work/algorithm-v1/results-npu/quantization/Qwen2.5-7B-Instruct/flatquant/flatquant_w4a16_seq128/flat_parameters.pth
2026-03-22 19:11:27,945 | INFO | algorithm_v1.quantization.qat.flatquant.method | ========= Layer 26 =========
2026-03-22 19:11:28,570 | INFO | algorithm_v1.quantization.qat.flatquant.method | layer 26 lwc lac iter 0, lr 0.00494542  time 0.453938s, mse: 2.16988063
2026-03-22 19:11:29,003 | INFO | algorithm_v1.quantization.qat.flatquant.method | layer 26 lwc lac iter 1, lr 0.00478408  time 0.432962s, mse: 1.60772455
2026-03-22 19:11:29,423 | INFO | algorithm_v1.quantization.qat.flatquant.method | layer 26 lwc lac iter 2, lr 0.00452302  time 0.419937s, mse: 1.31506729
2026-03-22 19:11:29,839 | INFO | algorithm_v1.quantization.qat.flatquant.method | layer 26 lwc lac iter 3, lr 0.00417365  time 0.415638s, mse: 1.20470738
2026-03-22 19:11:30,261 | INFO | algorithm_v1.quantization.qat.flatquant.method | layer 26 lwc lac iter 4, lr 0.00375125  time 0.421953s, mse: 1.00339723
2026-03-22 19:11:30,672 | INFO | algorithm_v1.quantization.qat.flatquant.method | layer 26 lwc lac iter 5, lr 0.00327427  time 0.410549s, mse: 0.79249597
2026-03-22 19:11:31,089 | INFO | algorithm_v1.quantization.qat.flatquant.method | layer 26 lwc lac iter 6, lr 0.00276356  time 0.417475s, mse: 0.73597556
2026-03-22 19:11:31,508 | INFO | algorithm_v1.quantization.qat.flatquant.method | layer 26 lwc lac iter 7, lr 0.00224144  time 0.417959s, mse: 0.69209224
2026-03-22 19:11:31,914 | INFO | algorithm_v1.quantization.qat.flatquant.method | layer 26 lwc lac iter 8, lr 0.00173073  time 0.405959s, mse: 0.68896616
2026-03-22 19:11:32,327 | INFO | algorithm_v1.quantization.qat.flatquant.method | layer 26 lwc lac iter 9, lr 0.00125375  time 0.412673s, mse: 0.61234635
2026-03-22 19:11:32,741 | INFO | algorithm_v1.quantization.qat.flatquant.method | layer 26 lwc lac iter 10, lr 0.00083135  time 0.414623s, mse: 0.56901515
2026-03-22 19:11:33,145 | INFO | algorithm_v1.quantization.qat.flatquant.method | layer 26 lwc lac iter 11, lr 0.00048198  time 0.403654s, mse: 0.57826924
2026-03-22 19:11:33,560 | INFO | algorithm_v1.quantization.qat.flatquant.method | layer 26 lwc lac iter 12, lr 0.00022092  time 0.414666s, mse: 0.48747832
2026-03-22 19:11:33,978 | INFO | algorithm_v1.quantization.qat.flatquant.method | layer 26 lwc lac iter 13, lr 0.00005958  time 0.417859s, mse: 0.50381291
2026-03-22 19:11:34,396 | INFO | algorithm_v1.quantization.qat.flatquant.method | layer 26 lwc lac iter 14, lr 0.00000500  time 0.417659s, mse: 0.48236820
2026-03-22 19:11:34,801 | INFO | algorithm_v1.quantization.qat.flatquant.method | saved paramaters at /home/ma-user/work/algorithm-v1/results-npu/quantization/Qwen2.5-7B-Instruct/flatquant/flatquant_w4a16_seq128/flat_parameters.pth
2026-03-22 19:11:35,251 | INFO | algorithm_v1.quantization.qat.flatquant.method | ========= Layer 27 =========
2026-03-22 19:11:35,887 | INFO | algorithm_v1.quantization.qat.flatquant.method | layer 27 lwc lac iter 0, lr 0.00494542  time 0.471350s, mse: 2.45832896
2026-03-22 19:11:36,332 | INFO | algorithm_v1.quantization.qat.flatquant.method | layer 27 lwc lac iter 1, lr 0.00478408  time 0.445340s, mse: 1.99100733
2026-03-22 19:11:36,766 | INFO | algorithm_v1.quantization.qat.flatquant.method | layer 27 lwc lac iter 2, lr 0.00452302  time 0.433817s, mse: 1.70531237
2026-03-22 19:11:37,173 | INFO | algorithm_v1.quantization.qat.flatquant.method | layer 27 lwc lac iter 3, lr 0.00417365  time 0.407166s, mse: 1.47772098
2026-03-22 19:11:37,585 | INFO | algorithm_v1.quantization.qat.flatquant.method | layer 27 lwc lac iter 4, lr 0.00375125  time 0.411454s, mse: 1.32631207
2026-03-22 19:11:38,005 | INFO | algorithm_v1.quantization.qat.flatquant.method | layer 27 lwc lac iter 5, lr 0.00327427  time 0.420047s, mse: 1.23721063
2026-03-22 19:11:38,423 | INFO | algorithm_v1.quantization.qat.flatquant.method | layer 27 lwc lac iter 6, lr 0.00276356  time 0.417306s, mse: 1.12436962
2026-03-22 19:11:38,833 | INFO | algorithm_v1.quantization.qat.flatquant.method | layer 27 lwc lac iter 7, lr 0.00224144  time 0.410196s, mse: 1.07240427
2026-03-22 19:11:39,246 | INFO | algorithm_v1.quantization.qat.flatquant.method | layer 27 lwc lac iter 8, lr 0.00173073  time 0.412122s, mse: 1.01556802
2026-03-22 19:11:39,646 | INFO | algorithm_v1.quantization.qat.flatquant.method | layer 27 lwc lac iter 9, lr 0.00125375  time 0.399743s, mse: 0.99817842
2026-03-22 19:11:40,071 | INFO | algorithm_v1.quantization.qat.flatquant.method | layer 27 lwc lac iter 10, lr 0.00083135  time 0.425632s, mse: 0.96840078
2026-03-22 19:11:40,503 | INFO | algorithm_v1.quantization.qat.flatquant.method | layer 27 lwc lac iter 11, lr 0.00048198  time 0.431386s, mse: 0.95168221
2026-03-22 19:11:40,919 | INFO | algorithm_v1.quantization.qat.flatquant.method | layer 27 lwc lac iter 12, lr 0.00022092  time 0.416338s, mse: 0.94547689
2026-03-22 19:11:41,339 | INFO | algorithm_v1.quantization.qat.flatquant.method | layer 27 lwc lac iter 13, lr 0.00005958  time 0.419002s, mse: 0.93047369
2026-03-22 19:11:41,756 | INFO | algorithm_v1.quantization.qat.flatquant.method | layer 27 lwc lac iter 14, lr 0.00000500  time 0.417453s, mse: 0.91981918
2026-03-22 19:11:42,168 | INFO | algorithm_v1.quantization.qat.flatquant.method | saved paramaters at /home/ma-user/work/algorithm-v1/results-npu/quantization/Qwen2.5-7B-Instruct/flatquant/flatquant_w4a16_seq128/flat_parameters.pth
2026-03-22 19:16:03,084 | INFO | algorithm_v1.quantization.qat.flatquant.method | Reparameterized FlatQuant model
(RtN Quant.) Layers:   0%|          | 0/28 [00:00<?, ?it/s](RtN Quant.) Layers:   4%|▎         | 1/28 [00:00<00:13,  2.06it/s](RtN Quant.) Layers:   7%|▋         | 2/28 [00:00<00:12,  2.14it/s](RtN Quant.) Layers:  11%|█         | 3/28 [00:01<00:11,  2.11it/s](RtN Quant.) Layers:  14%|█▍        | 4/28 [00:01<00:11,  2.12it/s](RtN Quant.) Layers:  18%|█▊        | 5/28 [00:02<00:10,  2.10it/s](RtN Quant.) Layers:  21%|██▏       | 6/28 [00:02<00:10,  2.07it/s](RtN Quant.) Layers:  25%|██▌       | 7/28 [00:03<00:10,  2.02it/s](RtN Quant.) Layers:  29%|██▊       | 8/28 [00:03<00:09,  2.04it/s](RtN Quant.) Layers:  32%|███▏      | 9/28 [00:04<00:09,  2.07it/s](RtN Quant.) Layers:  36%|███▌      | 10/28 [00:04<00:08,  2.11it/s](RtN Quant.) Layers:  39%|███▉      | 11/28 [00:05<00:08,  2.12it/s](RtN Quant.) Layers:  43%|████▎     | 12/28 [00:05<00:07,  2.16it/s](RtN Quant.) Layers:  46%|████▋     | 13/28 [00:06<00:06,  2.17it/s](RtN Quant.) Layers:  50%|█████     | 14/28 [00:06<00:06,  2.18it/s](RtN Quant.) Layers:  54%|█████▎    | 15/28 [00:07<00:05,  2.19it/s](RtN Quant.) Layers:  57%|█████▋    | 16/28 [00:07<00:05,  2.18it/s](RtN Quant.) Layers:  61%|██████    | 17/28 [00:07<00:05,  2.17it/s](RtN Quant.) Layers:  64%|██████▍   | 18/28 [00:08<00:04,  2.18it/s](RtN Quant.) Layers:  68%|██████▊   | 19/28 [00:08<00:04,  2.19it/s](RtN Quant.) Layers:  71%|███████▏  | 20/28 [00:09<00:03,  2.19it/s](RtN Quant.) Layers:  75%|███████▌  | 21/28 [00:09<00:03,  2.18it/s](RtN Quant.) Layers:  79%|███████▊  | 22/28 [00:10<00:02,  2.20it/s](RtN Quant.) Layers:  82%|████████▏ | 23/28 [00:10<00:02,  2.20it/s](RtN Quant.) Layers:  86%|████████▌ | 24/28 [00:11<00:01,  2.18it/s](RtN Quant.) Layers:  89%|████████▉ | 25/28 [00:11<00:01,  2.17it/s](RtN Quant.) Layers:  93%|█████████▎| 26/28 [00:12<00:00,  2.15it/s](RtN Quant.) Layers:  96%|█████████▋| 27/28 [00:12<00:00,  2.20it/s](RtN Quant.) Layers: 100%|██████████| 28/28 [00:13<00:00,  2.18it/s](RtN Quant.) Layers: 100%|██████████| 28/28 [00:13<00:00,  2.15it/s]
2026-03-22 19:16:16,685 | INFO | root | GPU memory (from rtn_fwrd): 0.13 -> 0.13 GB (-0.00 GB)
Token indices sequence length is longer than the specified maximum sequence length for this model (2518423 > 131072). Running this sequence through the model will result in indexing errors
{
  "algorithm_name": "flatquant",
  "model_path": "/home/ma-user/work/models/Qwen2.5-7B-Instruct",
  "output_dir": "/home/ma-user/work/algorithm-v1/results-npu/quantization/Qwen2.5-7B-Instruct/flatquant/flatquant_w4a16_seq128",
  "metrics_path": "/home/ma-user/work/algorithm-v1/results-npu/quantization/Qwen2.5-7B-Instruct/flatquant/flatquant_w4a16_seq128/metrics.json",
  "metrics": {
    "perplexity": 16.286047091337597,
    "evaluation_dataset": "wikitext2",
    "sequence_length": 128,
    "evaluated_chunks": 4,
    "batch_size": 1,
    "elapsed_seconds": 0.32626839727163315,
    "tokens_per_second": 1557.0003231942414,
    "algorithm_name": "flatquant",
    "model_path": "/home/ma-user/work/models/Qwen2.5-7B-Instruct",
    "device": "npu:0",
    "dtype": "float16"
  },
  "artifacts": {
    "source_root": "/home/ma-user/work/algorithm-v1/algorithm_v1/quantization/qat/flatquant/source",
    "flatquant_config": {
      "weight_bits": 4,
      "activation_bits": 16,
      "query_bits": 16,
      "key_bits": 16,
      "value_bits": 16,
      "calibration_samples": 4,
      "calibration_batch_size": 4,
      "epochs": 15,
      "flat_lr": 0.005,
      "lwc": true,
      "lac": true,
      "cali_trans": true,
      "add_diag": true,
      "weight_quantizer": "rtn"
    },
    "quantized_linear_count": 196,
    "quantized_linear_layers": {
      "model.layers.0.self_attn.q_proj.linear": {
        "bits": 4,
        "group_size": -1,
        "symmetric": false
      },
      "model.layers.0.self_attn.k_proj.linear": {
        "bits": 4,
        "group_size": -1,
        "symmetric": false
      },
      "model.layers.0.self_attn.v_proj.linear": {
        "bits": 4,
        "group_size": -1,
        "symmetric": false
      },
      "model.layers.0.self_attn.o_proj.linear": {
        "bits": 4,
        "group_size": -1,
        "symmetric": false
      },
      "model.layers.0.mlp.up_proj.linear": {
        "bits": 4,
        "group_size": -1,
        "symmetric": false
      },
      "model.layers.0.mlp.gate_proj.linear": {
        "bits": 4,
        "group_size": -1,
        "symmetric": false
      },
      "model.layers.0.mlp.down_proj.linear": {
        "bits": 4,
        "group_size": -1,
        "symmetric": false
      },
      "model.layers.1.self_attn.q_proj.linear": {
        "bits": 4,
        "group_size": -1,
        "symmetric": false
      },
      "model.layers.1.self_attn.k_proj.linear": {
        "bits": 4,
        "group_size": -1,
        "symmetric": false
      },
      "model.layers.1.self_attn.v_proj.linear": {
        "bits": 4,
        "group_size": -1,
        "symmetric": false
      },
      "model.layers.1.self_attn.o_proj.linear": {
        "bits": 4,
        "group_size": -1,
        "symmetric": false
      },
      "model.layers.1.mlp.up_proj.linear": {
        "bits": 4,
        "group_size": -1,
        "symmetric": false
      },
      "model.layers.1.mlp.gate_proj.linear": {
        "bits": 4,
        "group_size": -1,
        "symmetric": false
      },
      "model.layers.1.mlp.down_proj.linear": {
        "bits": 4,
        "group_size": -1,
        "symmetric": false
      },
      "model.layers.2.self_attn.q_proj.linear": {
        "bits": 4,
        "group_size": -1,
        "symmetric": false
      },
      "model.layers.2.self_attn.k_proj.linear": {
        "bits": 4,
        "group_size": -1,
        "symmetric": false
      },
      "model.layers.2.self_attn.v_proj.linear": {
        "bits": 4,
        "group_size": -1,
        "symmetric": false
      },
      "model.layers.2.self_attn.o_proj.linear": {
        "bits": 4,
        "group_size": -1,
        "symmetric": false
      },
      "model.layers.2.mlp.up_proj.linear": {
        "bits": 4,
        "group_size": -1,
        "symmetric": false
      },
      "model.layers.2.mlp.gate_proj.linear": {
        "bits": 4,
        "group_size": -1,
        "symmetric": false
      },
      "model.layers.2.mlp.down_proj.linear": {
        "bits": 4,
        "group_size": -1,
        "symmetric": false
      },
      "model.layers.3.self_attn.q_proj.linear": {
        "bits": 4,
        "group_size": -1,
        "symmetric": false
      },
      "model.layers.3.self_attn.k_proj.linear": {
        "bits": 4,
        "group_size": -1,
        "symmetric": false
      },
      "model.layers.3.self_attn.v_proj.linear": {
        "bits": 4,
        "group_size": -1,
        "symmetric": false
      },
      "model.layers.3.self_attn.o_proj.linear": {
        "bits": 4,
        "group_size": -1,
        "symmetric": false
      },
      "model.layers.3.mlp.up_proj.linear": {
        "bits": 4,
        "group_size": -1,
        "symmetric": false
      },
      "model.layers.3.mlp.gate_proj.linear": {
        "bits": 4,
        "group_size": -1,
        "symmetric": false
      },
      "model.layers.3.mlp.down_proj.linear": {
        "bits": 4,
        "group_size": -1,
        "symmetric": false
      },
      "model.layers.4.self_attn.q_proj.linear": {
        "bits": 4,
        "group_size": -1,
        "symmetric": false
      },
      "model.layers.4.self_attn.k_proj.linear": {
        "bits": 4,
        "group_size": -1,
        "symmetric": false
      },
      "model.layers.4.self_attn.v_proj.linear": {
        "bits": 4,
        "group_size": -1,
        "symmetric": false
      },
      "model.layers.4.self_attn.o_proj.linear": {
        "bits": 4,
        "group_size": -1,
        "symmetric": false
      },
      "model.layers.4.mlp.up_proj.linear": {
        "bits": 4,
        "group_size": -1,
        "symmetric": false
      },
      "model.layers.4.mlp.gate_proj.linear": {
        "bits": 4,
        "group_size": -1,
        "symmetric": false
      },
      "model.layers.4.mlp.down_proj.linear": {
        "bits": 4,
        "group_size": -1,
        "symmetric": false
      },
      "model.layers.5.self_attn.q_proj.linear": {
        "bits": 4,
        "group_size": -1,
        "symmetric": false
      },
      "model.layers.5.self_attn.k_proj.linear": {
        "bits": 4,
        "group_size": -1,
        "symmetric": false
      },
      "model.layers.5.self_attn.v_proj.linear": {
        "bits": 4,
        "group_size": -1,
        "symmetric": false
      },
      "model.layers.5.self_attn.o_proj.linear": {
        "bits": 4,
        "group_size": -1,
        "symmetric": false
      },
      "model.layers.5.mlp.up_proj.linear": {
        "bits": 4,
        "group_size": -1,
        "symmetric": false
      },
      "model.layers.5.mlp.gate_proj.linear": {
        "bits": 4,
        "group_size": -1,
        "symmetric": false
      },
      "model.layers.5.mlp.down_proj.linear": {
        "bits": 4,
        "group_size": -1,
        "symmetric": false
      },
      "model.layers.6.self_attn.q_proj.linear": {
        "bits": 4,
        "group_size": -1,
        "symmetric": false
      },
      "model.layers.6.self_attn.k_proj.linear": {
        "bits": 4,
        "group_size": -1,
        "symmetric": false
      },
      "model.layers.6.self_attn.v_proj.linear": {
        "bits": 4,
        "group_size": -1,
        "symmetric": false
      },
      "model.layers.6.self_attn.o_proj.linear": {
        "bits": 4,
        "group_size": -1,
        "symmetric": false
      },
      "model.layers.6.mlp.up_proj.linear": {
        "bits": 4,
        "group_size": -1,
        "symmetric": false
      },
      "model.layers.6.mlp.gate_proj.linear": {
        "bits": 4,
        "group_size": -1,
        "symmetric": false
      },
      "model.layers.6.mlp.down_proj.linear": {
        "bits": 4,
        "group_size": -1,
        "symmetric": false
      },
      "model.layers.7.self_attn.q_proj.linear": {
        "bits": 4,
        "group_size": -1,
        "symmetric": false
      },
      "model.layers.7.self_attn.k_proj.linear": {
        "bits": 4,
        "group_size": -1,
        "symmetric": false
      },
      "model.layers.7.self_attn.v_proj.linear": {
        "bits": 4,
        "group_size": -1,
        "symmetric": false
      },
      "model.layers.7.self_attn.o_proj.linear": {
        "bits": 4,
        "group_size": -1,
        "symmetric": false
      },
      "model.layers.7.mlp.up_proj.linear": {
        "bits": 4,
        "group_size": -1,
        "symmetric": false
      },
      "model.layers.7.mlp.gate_proj.linear": {
        "bits": 4,
        "group_size": -1,
        "symmetric": false
      },
      "model.layers.7.mlp.down_proj.linear": {
        "bits": 4,
        "group_size": -1,
        "symmetric": false
      },
      "model.layers.8.self_attn.q_proj.linear": {
        "bits": 4,
        "group_size": -1,
        "symmetric": false
      },
      "model.layers.8.self_attn.k_proj.linear": {
        "bits": 4,
        "group_size": -1,
        "symmetric": false
      },
      "model.layers.8.self_attn.v_proj.linear": {
        "bits": 4,
        "group_size": -1,
        "symmetric": false
      },
      "model.layers.8.self_attn.o_proj.linear": {
        "bits": 4,
        "group_size": -1,
        "symmetric": false
      },
      "model.layers.8.mlp.up_proj.linear": {
        "bits": 4,
        "group_size": -1,
        "symmetric": false
      },
      "model.layers.8.mlp.gate_proj.linear": {
        "bits": 4,
        "group_size": -1,
        "symmetric": false
      },
      "model.layers.8.mlp.down_proj.linear": {
        "bits": 4,
        "group_size": -1,
        "symmetric": false
      },
      "model.layers.9.self_attn.q_proj.linear": {
        "bits": 4,
        "group_size": -1,
        "symmetric": false
      },
      "model.layers.9.self_attn.k_proj.linear": {
        "bits": 4,
        "group_size": -1,
        "symmetric": false
      },
      "model.layers.9.self_attn.v_proj.linear": {
        "bits": 4,
        "group_size": -1,
        "symmetric": false
      },
      "model.layers.9.self_attn.o_proj.linear": {
        "bits": 4,
        "group_size": -1,
        "symmetric": false
      },
      "model.layers.9.mlp.up_proj.linear": {
        "bits": 4,
        "group_size": -1,
        "symmetric": false
      },
      "model.layers.9.mlp.gate_proj.linear": {
        "bits": 4,
        "group_size": -1,
        "symmetric": false
      },
      "model.layers.9.mlp.down_proj.linear": {
        "bits": 4,
        "group_size": -1,
        "symmetric": false
      },
      "model.layers.10.self_attn.q_proj.linear": {
        "bits": 4,
        "group_size": -1,
        "symmetric": false
      },
      "model.layers.10.self_attn.k_proj.linear": {
        "bits": 4,
        "group_size": -1,
        "symmetric": false
      },
      "model.layers.10.self_attn.v_proj.linear": {
        "bits": 4,
        "group_size": -1,
        "symmetric": false
      },
      "model.layers.10.self_attn.o_proj.linear": {
        "bits": 4,
        "group_size": -1,
        "symmetric": false
      },
      "model.layers.10.mlp.up_proj.linear": {
        "bits": 4,
        "group_size": -1,
        "symmetric": false
      },
      "model.layers.10.mlp.gate_proj.linear": {
        "bits": 4,
        "group_size": -1,
        "symmetric": false
      },
      "model.layers.10.mlp.down_proj.linear": {
        "bits": 4,
        "group_size": -1,
        "symmetric": false
      },
      "model.layers.11.self_attn.q_proj.linear": {
        "bits": 4,
        "group_size": -1,
        "symmetric": false
      },
      "model.layers.11.self_attn.k_proj.linear": {
        "bits": 4,
        "group_size": -1,
        "symmetric": false
      },
      "model.layers.11.self_attn.v_proj.linear": {
        "bits": 4,
        "group_size": -1,
        "symmetric": false
      },
      "model.layers.11.self_attn.o_proj.linear": {
        "bits": 4,
        "group_size": -1,
        "symmetric": false
      },
      "model.layers.11.mlp.up_proj.linear": {
        "bits": 4,
        "group_size": -1,
        "symmetric": false
      },
      "model.layers.11.mlp.gate_proj.linear": {
        "bits": 4,
        "group_size": -1,
        "symmetric": false
      },
      "model.layers.11.mlp.down_proj.linear": {
        "bits": 4,
        "group_size": -1,
        "symmetric": false
      },
      "model.layers.12.self_attn.q_proj.linear": {
        "bits": 4,
        "group_size": -1,
        "symmetric": false
      },
      "model.layers.12.self_attn.k_proj.linear": {
        "bits": 4,
        "group_size": -1,
        "symmetric": false
      },
      "model.layers.12.self_attn.v_proj.linear": {
        "bits": 4,
        "group_size": -1,
        "symmetric": false
      },
      "model.layers.12.self_attn.o_proj.linear": {
        "bits": 4,
        "group_size": -1,
        "symmetric": false
      },
      "model.layers.12.mlp.up_proj.linear": {
        "bits": 4,
        "group_size": -1,
        "symmetric": false
      },
      "model.layers.12.mlp.gate_proj.linear": {
        "bits": 4,
        "group_size": -1,
        "symmetric": false
      },
      "model.layers.12.mlp.down_proj.linear": {
        "bits": 4,
        "group_size": -1,
        "symmetric": false
      },
      "model.layers.13.self_attn.q_proj.linear": {
        "bits": 4,
        "group_size": -1,
        "symmetric": false
      },
      "model.layers.13.self_attn.k_proj.linear": {
        "bits": 4,
        "group_size": -1,
        "symmetric": false
      },
      "model.layers.13.self_attn.v_proj.linear": {
        "bits": 4,
        "group_size": -1,
        "symmetric": false
      },
      "model.layers.13.self_attn.o_proj.linear": {
        "bits": 4,
        "group_size": -1,
        "symmetric": false
      },
      "model.layers.13.mlp.up_proj.linear": {
        "bits": 4,
        "group_size": -1,
        "symmetric": false
      },
      "model.layers.13.mlp.gate_proj.linear": {
        "bits": 4,
        "group_size": -1,
        "symmetric": false
      },
      "model.layers.13.mlp.down_proj.linear": {
        "bits": 4,
        "group_size": -1,
        "symmetric": false
      },
      "model.layers.14.self_attn.q_proj.linear": {
        "bits": 4,
        "group_size": -1,
        "symmetric": false
      },
      "model.layers.14.self_attn.k_proj.linear": {
        "bits": 4,
        "group_size": -1,
        "symmetric": false
      },
      "model.layers.14.self_attn.v_proj.linear": {
        "bits": 4,
        "group_size": -1,
        "symmetric": false
      },
      "model.layers.14.self_attn.o_proj.linear": {
        "bits": 4,
        "group_size": -1,
        "symmetric": false
      },
      "model.layers.14.mlp.up_proj.linear": {
        "bits": 4,
        "group_size": -1,
        "symmetric": false
      },
      "model.layers.14.mlp.gate_proj.linear": {
        "bits": 4,
        "group_size": -1,
        "symmetric": false
      },
      "model.layers.14.mlp.down_proj.linear": {
        "bits": 4,
        "group_size": -1,
        "symmetric": false
      },
      "model.layers.15.self_attn.q_proj.linear": {
        "bits": 4,
        "group_size": -1,
        "symmetric": false
      },
      "model.layers.15.self_attn.k_proj.linear": {
        "bits": 4,
        "group_size": -1,
        "symmetric": false
      },
      "model.layers.15.self_attn.v_proj.linear": {
        "bits": 4,
        "group_size": -1,
        "symmetric": false
      },
      "model.layers.15.self_attn.o_proj.linear": {
        "bits": 4,
        "group_size": -1,
        "symmetric": false
      },
      "model.layers.15.mlp.up_proj.linear": {
        "bits": 4,
        "group_size": -1,
        "symmetric": false
      },
      "model.layers.15.mlp.gate_proj.linear": {
        "bits": 4,
        "group_size": -1,
        "symmetric": false
      },
      "model.layers.15.mlp.down_proj.linear": {
        "bits": 4,
        "group_size": -1,
        "symmetric": false
      },
      "model.layers.16.self_attn.q_proj.linear": {
        "bits": 4,
        "group_size": -1,
        "symmetric": false
      },
      "model.layers.16.self_attn.k_proj.linear": {
        "bits": 4,
        "group_size": -1,
        "symmetric": false
      },
      "model.layers.16.self_attn.v_proj.linear": {
        "bits": 4,
        "group_size": -1,
        "symmetric": false
      },
      "model.layers.16.self_attn.o_proj.linear": {
        "bits": 4,
        "group_size": -1,
        "symmetric": false
      },
      "model.layers.16.mlp.up_proj.linear": {
        "bits": 4,
        "group_size": -1,
        "symmetric": false
      },
      "model.layers.16.mlp.gate_proj.linear": {
        "bits": 4,
        "group_size": -1,
        "symmetric": false
      },
      "model.layers.16.mlp.down_proj.linear": {
        "bits": 4,
        "group_size": -1,
        "symmetric": false
      },
      "model.layers.17.self_attn.q_proj.linear": {
        "bits": 4,
        "group_size": -1,
        "symmetric": false
      },
      "model.layers.17.self_attn.k_proj.linear": {
        "bits": 4,
        "group_size": -1,
        "symmetric": false
      },
      "model.layers.17.self_attn.v_proj.linear": {
        "bits": 4,
        "group_size": -1,
        "symmetric": false
      },
      "model.layers.17.self_attn.o_proj.linear": {
        "bits": 4,
        "group_size": -1,
        "symmetric": false
      },
      "model.layers.17.mlp.up_proj.linear": {
        "bits": 4,
        "group_size": -1,
        "symmetric": false
      },
      "model.layers.17.mlp.gate_proj.linear": {
        "bits": 4,
        "group_size": -1,
        "symmetric": false
      },
      "model.layers.17.mlp.down_proj.linear": {
        "bits": 4,
        "group_size": -1,
        "symmetric": false
      },
      "model.layers.18.self_attn.q_proj.linear": {
        "bits": 4,
        "group_size": -1,
        "symmetric": false
      },
      "model.layers.18.self_attn.k_proj.linear": {
        "bits": 4,
        "group_size": -1,
        "symmetric": false
      },
      "model.layers.18.self_attn.v_proj.linear": {
        "bits": 4,
        "group_size": -1,
        "symmetric": false
      },
      "model.layers.18.self_attn.o_proj.linear": {
        "bits": 4,
        "group_size": -1,
        "symmetric": false
      },
      "model.layers.18.mlp.up_proj.linear": {
        "bits": 4,
        "group_size": -1,
        "symmetric": false
      },
      "model.layers.18.mlp.gate_proj.linear": {
        "bits": 4,
        "group_size": -1,
        "symmetric": false
      },
      "model.layers.18.mlp.down_proj.linear": {
        "bits": 4,
        "group_size": -1,
        "symmetric": false
      },
      "model.layers.19.self_attn.q_proj.linear": {
        "bits": 4,
        "group_size": -1,
        "symmetric": false
      },
      "model.layers.19.self_attn.k_proj.linear": {
        "bits": 4,
        "group_size": -1,
        "symmetric": false
      },
      "model.layers.19.self_attn.v_proj.linear": {
        "bits": 4,
        "group_size": -1,
        "symmetric": false
      },
      "model.layers.19.self_attn.o_proj.linear": {
        "bits": 4,
        "group_size": -1,
        "symmetric": false
      },
      "model.layers.19.mlp.up_proj.linear": {
        "bits": 4,
        "group_size": -1,
        "symmetric": false
      },
      "model.layers.19.mlp.gate_proj.linear": {
        "bits": 4,
        "group_size": -1,
        "symmetric": false
      },
      "model.layers.19.mlp.down_proj.linear": {
        "bits": 4,
        "group_size": -1,
        "symmetric": false
      },
      "model.layers.20.self_attn.q_proj.linear": {
        "bits": 4,
        "group_size": -1,
        "symmetric": false
      },
      "model.layers.20.self_attn.k_proj.linear": {
        "bits": 4,
        "group_size": -1,
        "symmetric": false
      },
      "model.layers.20.self_attn.v_proj.linear": {
        "bits": 4,
        "group_size": -1,
        "symmetric": false
      },
      "model.layers.20.self_attn.o_proj.linear": {
        "bits": 4,
        "group_size": -1,
        "symmetric": false
      },
      "model.layers.20.mlp.up_proj.linear": {
        "bits": 4,
        "group_size": -1,
        "symmetric": false
      },
      "model.layers.20.mlp.gate_proj.linear": {
        "bits": 4,
        "group_size": -1,
        "symmetric": false
      },
      "model.layers.20.mlp.down_proj.linear": {
        "bits": 4,
        "group_size": -1,
        "symmetric": false
      },
      "model.layers.21.self_attn.q_proj.linear": {
        "bits": 4,
        "group_size": -1,
        "symmetric": false
      },
      "model.layers.21.self_attn.k_proj.linear": {
        "bits": 4,
        "group_size": -1,
        "symmetric": false
      },
      "model.layers.21.self_attn.v_proj.linear": {
        "bits": 4,
        "group_size": -1,
        "symmetric": false
      },
      "model.layers.21.self_attn.o_proj.linear": {
        "bits": 4,
        "group_size": -1,
        "symmetric": false
      },
      "model.layers.21.mlp.up_proj.linear": {
        "bits": 4,
        "group_size": -1,
        "symmetric": false
      },
      "model.layers.21.mlp.gate_proj.linear": {
        "bits": 4,
        "group_size": -1,
        "symmetric": false
      },
      "model.layers.21.mlp.down_proj.linear": {
        "bits": 4,
        "group_size": -1,
        "symmetric": false
      },
      "model.layers.22.self_attn.q_proj.linear": {
        "bits": 4,
        "group_size": -1,
        "symmetric": false
      },
      "model.layers.22.self_attn.k_proj.linear": {
        "bits": 4,
        "group_size": -1,
        "symmetric": false
      },
      "model.layers.22.self_attn.v_proj.linear": {
        "bits": 4,
        "group_size": -1,
        "symmetric": false
      },
      "model.layers.22.self_attn.o_proj.linear": {
        "bits": 4,
        "group_size": -1,
        "symmetric": false
      },
      "model.layers.22.mlp.up_proj.linear": {
        "bits": 4,
        "group_size": -1,
        "symmetric": false
      },
      "model.layers.22.mlp.gate_proj.linear": {
        "bits": 4,
        "group_size": -1,
        "symmetric": false
      },
      "model.layers.22.mlp.down_proj.linear": {
        "bits": 4,
        "group_size": -1,
        "symmetric": false
      },
      "model.layers.23.self_attn.q_proj.linear": {
        "bits": 4,
        "group_size": -1,
        "symmetric": false
      },
      "model.layers.23.self_attn.k_proj.linear": {
        "bits": 4,
        "group_size": -1,
        "symmetric": false
      },
      "model.layers.23.self_attn.v_proj.linear": {
        "bits": 4,
        "group_size": -1,
        "symmetric": false
      },
      "model.layers.23.self_attn.o_proj.linear": {
        "bits": 4,
        "group_size": -1,
        "symmetric": false
      },
      "model.layers.23.mlp.up_proj.linear": {
        "bits": 4,
        "group_size": -1,
        "symmetric": false
      },
      "model.layers.23.mlp.gate_proj.linear": {
        "bits": 4,
        "group_size": -1,
        "symmetric": false
      },
      "model.layers.23.mlp.down_proj.linear": {
        "bits": 4,
        "group_size": -1,
        "symmetric": false
      },
      "model.layers.24.self_attn.q_proj.linear": {
        "bits": 4,
        "group_size": -1,
        "symmetric": false
      },
      "model.layers.24.self_attn.k_proj.linear": {
        "bits": 4,
        "group_size": -1,
        "symmetric": false
      },
      "model.layers.24.self_attn.v_proj.linear": {
        "bits": 4,
        "group_size": -1,
        "symmetric": false
      },
      "model.layers.24.self_attn.o_proj.linear": {
        "bits": 4,
        "group_size": -1,
        "symmetric": false
      },
      "model.layers.24.mlp.up_proj.linear": {
        "bits": 4,
        "group_size": -1,
        "symmetric": false
      },
      "model.layers.24.mlp.gate_proj.linear": {
        "bits": 4,
        "group_size": -1,
        "symmetric": false
      },
      "model.layers.24.mlp.down_proj.linear": {
        "bits": 4,
        "group_size": -1,
        "symmetric": false
      },
      "model.layers.25.self_attn.q_proj.linear": {
        "bits": 4,
        "group_size": -1,
        "symmetric": false
      },
      "model.layers.25.self_attn.k_proj.linear": {
        "bits": 4,
        "group_size": -1,
        "symmetric": false
      },
      "model.layers.25.self_attn.v_proj.linear": {
        "bits": 4,
        "group_size": -1,
        "symmetric": false
      },
      "model.layers.25.self_attn.o_proj.linear": {
        "bits": 4,
        "group_size": -1,
        "symmetric": false
      },
      "model.layers.25.mlp.up_proj.linear": {
        "bits": 4,
        "group_size": -1,
        "symmetric": false
      },
      "model.layers.25.mlp.gate_proj.linear": {
        "bits": 4,
        "group_size": -1,
        "symmetric": false
      },
      "model.layers.25.mlp.down_proj.linear": {
        "bits": 4,
        "group_size": -1,
        "symmetric": false
      },
      "model.layers.26.self_attn.q_proj.linear": {
        "bits": 4,
        "group_size": -1,
        "symmetric": false
      },
      "model.layers.26.self_attn.k_proj.linear": {
        "bits": 4,
        "group_size": -1,
        "symmetric": false
      },
      "model.layers.26.self_attn.v_proj.linear": {
        "bits": 4,
        "group_size": -1,
        "symmetric": false
      },
      "model.layers.26.self_attn.o_proj.linear": {
        "bits": 4,
        "group_size": -1,
        "symmetric": false
      },
      "model.layers.26.mlp.up_proj.linear": {
        "bits": 4,
        "group_size": -1,
        "symmetric": false
      },
      "model.layers.26.mlp.gate_proj.linear": {
        "bits": 4,
        "group_size": -1,
        "symmetric": false
      },
      "model.layers.26.mlp.down_proj.linear": {
        "bits": 4,
        "group_size": -1,
        "symmetric": false
      },
      "model.layers.27.self_attn.q_proj.linear": {
        "bits": 4,
        "group_size": -1,
        "symmetric": false
      },
      "model.layers.27.self_attn.k_proj.linear": {
        "bits": 4,
        "group_size": -1,
        "symmetric": false
      },
      "model.layers.27.self_attn.v_proj.linear": {
        "bits": 4,
        "group_size": -1,
        "symmetric": false
      },
      "model.layers.27.self_attn.o_proj.linear": {
        "bits": 4,
        "group_size": -1,
        "symmetric": false
      },
      "model.layers.27.mlp.up_proj.linear": {
        "bits": 4,
        "group_size": -1,
        "symmetric": false
      },
      "model.layers.27.mlp.gate_proj.linear": {
        "bits": 4,
        "group_size": -1,
        "symmetric": false
      },
      "model.layers.27.mlp.down_proj.linear": {
        "bits": 4,
        "group_size": -1,
        "symmetric": false
      }
    },
    "flat_parameters_path": "/home/ma-user/work/algorithm-v1/results-npu/quantization/Qwen2.5-7B-Instruct/flatquant/flatquant_w4a16_seq128/flat_parameters.pth"
  }
}
[2026-03-22 19:17:09] END return_code=0
