
[2026-03-22 19:30:48] START /home/ma-user/anaconda3/envs/PyTorch-2.7.1/bin/python main.py quantization --algorithm flatquant --model_path /home/ma-user/work/models/Qwen2.5-7B-Instruct --device npu:0 --dtype float16 --calibration_dataset pileval --evaluation_dataset wikitext2 --calibration_samples 4 --sequence_length 512 --batch_size 1 --max_eval_chunks 64 --weight_bits 4 --activation_bits 4 --query_bits 16 --key_bits 4 --value_bits 4 --kv_group_size 128 --weight_method rtn --flatquant_lr 0.005 --flatquant_lwc --flatquant_lac --flatquant_cali_trans --flatquant_add_diag --output_root /home/ma-user/work/algorithm-v1/results-npu/quantization
/home/ma-user/anaconda3/envs/PyTorch-2.7.1/lib/python3.11/site-packages/torch_npu/utils/collect_env.py:58: UserWarning: Warning: The /usr/local/Ascend/ascend-toolkit/latest owner does not match the current owner.
  warnings.warn(f"Warning: The {path} owner does not match the current owner.")
/home/ma-user/anaconda3/envs/PyTorch-2.7.1/lib/python3.11/site-packages/torch_npu/utils/collect_env.py:58: UserWarning: Warning: The /usr/local/Ascend/ascend-toolkit/8.3.RC1/aarch64-linux/ascend_toolkit_install.info owner does not match the current owner.
  warnings.warn(f"Warning: The {path} owner does not match the current owner.")
/home/ma-user/anaconda3/envs/PyTorch-2.7.1/lib/python3.11/site-packages/torch_npu/utils/collect_env.py:58: UserWarning: Warning: The /usr/local/Ascend/ascend-toolkit/latest owner does not match the current owner.
  warnings.warn(f"Warning: The {path} owner does not match the current owner.")
/home/ma-user/anaconda3/envs/PyTorch-2.7.1/lib/python3.11/site-packages/torch_npu/utils/collect_env.py:58: UserWarning: Warning: The /usr/local/Ascend/ascend-toolkit/8.3.RC1/aarch64-linux/ascend_toolkit_install.info owner does not match the current owner.
  warnings.warn(f"Warning: The {path} owner does not match the current owner.")
2026-03-22 19:31:02,255 | INFO | algorithm_v1.quantization.base | Loading model from /home/ma-user/work/models/Qwen2.5-7B-Instruct
Loading checkpoint shards:   0%|          | 0/4 [00:00<?, ?it/s]Loading checkpoint shards:  25%|██▌       | 1/4 [00:10<00:32, 10.94s/it]Loading checkpoint shards:  50%|█████     | 2/4 [00:21<00:21, 10.83s/it]Loading checkpoint shards:  75%|███████▌  | 3/4 [00:32<00:10, 10.70s/it]Loading checkpoint shards: 100%|██████████| 4/4 [00:33<00:00,  7.01s/it]Loading checkpoint shards: 100%|██████████| 4/4 [00:33<00:00,  8.40s/it]
Token indices sequence length is longer than the specified maximum sequence length for this model (254873 > 131072). Running this sequence through the model will result in indexing errors
2026-03-22 19:32:27,183 | INFO | algorithm_v1.quantization.qat.flatquant.method | Applied FlatQuant wrappers to model
2026-03-22 19:32:29,944 | INFO | algorithm_v1.quantization.qat.flatquant.method | ========= Layer 0 =========
[W322 19:32:30.344845689 compiler_depend.ts:250] Warning: CAUTION: The operator 'aten::_linalg_solve_ex.result' is not currently supported on the NPU backend and will fall back to run on the CPU. This may have performance implications. (function npu_cpu_fallback)
[W322 19:32:30.173771705 compiler_depend.ts:250] Warning: CAUTION: The operator 'aten::linalg_lu_solve.out' is not currently supported on the NPU backend and will fall back to run on the CPU. This may have performance implications. (function npu_cpu_fallback)
2026-03-22 19:32:32,360 | INFO | algorithm_v1.quantization.qat.flatquant.method | layer 0 lwc lac iter 0, lr 0.00494542  time 2.258276s, mse: 0.05382109
2026-03-22 19:32:32,849 | INFO | algorithm_v1.quantization.qat.flatquant.method | layer 0 lwc lac iter 1, lr 0.00478408  time 0.488911s, mse: 0.04456860
2026-03-22 19:32:33,328 | INFO | algorithm_v1.quantization.qat.flatquant.method | layer 0 lwc lac iter 2, lr 0.00452302  time 0.478739s, mse: 0.04160086
2026-03-22 19:32:33,812 | INFO | algorithm_v1.quantization.qat.flatquant.method | layer 0 lwc lac iter 3, lr 0.00417365  time 0.483927s, mse: 0.04400414
2026-03-22 19:32:34,282 | INFO | algorithm_v1.quantization.qat.flatquant.method | layer 0 lwc lac iter 4, lr 0.00375125  time 0.470002s, mse: 0.04120669
2026-03-22 19:32:34,760 | INFO | algorithm_v1.quantization.qat.flatquant.method | layer 0 lwc lac iter 5, lr 0.00327427  time 0.477224s, mse: 0.03943003
2026-03-22 19:32:35,243 | INFO | algorithm_v1.quantization.qat.flatquant.method | layer 0 lwc lac iter 6, lr 0.00276356  time 0.482589s, mse: 0.03907299
2026-03-22 19:32:35,743 | INFO | algorithm_v1.quantization.qat.flatquant.method | layer 0 lwc lac iter 7, lr 0.00224144  time 0.500603s, mse: 0.03795254
2026-03-22 19:32:36,230 | INFO | algorithm_v1.quantization.qat.flatquant.method | layer 0 lwc lac iter 8, lr 0.00173073  time 0.486625s, mse: 0.03898738
2026-03-22 19:32:36,718 | INFO | algorithm_v1.quantization.qat.flatquant.method | layer 0 lwc lac iter 9, lr 0.00125375  time 0.487216s, mse: 0.03668353
2026-03-22 19:32:37,210 | INFO | algorithm_v1.quantization.qat.flatquant.method | layer 0 lwc lac iter 10, lr 0.00083135  time 0.491701s, mse: 0.03496314
2026-03-22 19:32:37,687 | INFO | algorithm_v1.quantization.qat.flatquant.method | layer 0 lwc lac iter 11, lr 0.00048198  time 0.476825s, mse: 0.03578022
2026-03-22 19:32:38,175 | INFO | algorithm_v1.quantization.qat.flatquant.method | layer 0 lwc lac iter 12, lr 0.00022092  time 0.487604s, mse: 0.03535888
2026-03-22 19:32:38,650 | INFO | algorithm_v1.quantization.qat.flatquant.method | layer 0 lwc lac iter 13, lr 0.00005958  time 0.475681s, mse: 0.03580013
2026-03-22 19:32:39,131 | INFO | algorithm_v1.quantization.qat.flatquant.method | layer 0 lwc lac iter 14, lr 0.00000500  time 0.479878s, mse: 0.03534979
2026-03-22 19:32:39,284 | INFO | algorithm_v1.quantization.qat.flatquant.method | saved paramaters at /home/ma-user/work/algorithm-v1/results-npu/quantization/Qwen2.5-7B-Instruct/flatquant/flatquant_w4a4_seq512/flat_parameters.pth
2026-03-22 19:32:39,876 | INFO | algorithm_v1.quantization.qat.flatquant.method | ========= Layer 1 =========
2026-03-22 19:32:40,579 | INFO | algorithm_v1.quantization.qat.flatquant.method | layer 1 lwc lac iter 0, lr 0.00494542  time 0.519660s, mse: 0.00532233
2026-03-22 19:32:41,055 | INFO | algorithm_v1.quantization.qat.flatquant.method | layer 1 lwc lac iter 1, lr 0.00478408  time 0.476037s, mse: 0.00366916
2026-03-22 19:32:41,523 | INFO | algorithm_v1.quantization.qat.flatquant.method | layer 1 lwc lac iter 2, lr 0.00452302  time 0.468004s, mse: 0.00332822
2026-03-22 19:32:42,000 | INFO | algorithm_v1.quantization.qat.flatquant.method | layer 1 lwc lac iter 3, lr 0.00417365  time 0.476896s, mse: 0.00258849
2026-03-22 19:32:42,479 | INFO | algorithm_v1.quantization.qat.flatquant.method | layer 1 lwc lac iter 4, lr 0.00375125  time 0.478513s, mse: 0.00236422
2026-03-22 19:32:42,943 | INFO | algorithm_v1.quantization.qat.flatquant.method | layer 1 lwc lac iter 5, lr 0.00327427  time 0.464004s, mse: 0.00223587
2026-03-22 19:32:43,409 | INFO | algorithm_v1.quantization.qat.flatquant.method | layer 1 lwc lac iter 6, lr 0.00276356  time 0.465936s, mse: 0.00205877
2026-03-22 19:32:43,871 | INFO | algorithm_v1.quantization.qat.flatquant.method | layer 1 lwc lac iter 7, lr 0.00224144  time 0.461256s, mse: 0.00191648
2026-03-22 19:32:44,344 | INFO | algorithm_v1.quantization.qat.flatquant.method | layer 1 lwc lac iter 8, lr 0.00173073  time 0.472740s, mse: 0.00180780
2026-03-22 19:32:44,810 | INFO | algorithm_v1.quantization.qat.flatquant.method | layer 1 lwc lac iter 9, lr 0.00125375  time 0.466063s, mse: 0.00220992
2026-03-22 19:32:45,287 | INFO | algorithm_v1.quantization.qat.flatquant.method | layer 1 lwc lac iter 10, lr 0.00083135  time 0.477247s, mse: 0.00180263
2026-03-22 19:32:45,747 | INFO | algorithm_v1.quantization.qat.flatquant.method | layer 1 lwc lac iter 11, lr 0.00048198  time 0.459343s, mse: 0.00173956
2026-03-22 19:32:46,210 | INFO | algorithm_v1.quantization.qat.flatquant.method | layer 1 lwc lac iter 12, lr 0.00022092  time 0.463005s, mse: 0.00171031
2026-03-22 19:32:46,680 | INFO | algorithm_v1.quantization.qat.flatquant.method | layer 1 lwc lac iter 13, lr 0.00005958  time 0.470124s, mse: 0.00175028
2026-03-22 19:32:47,142 | INFO | algorithm_v1.quantization.qat.flatquant.method | layer 1 lwc lac iter 14, lr 0.00000500  time 0.461737s, mse: 0.00178525
2026-03-22 19:32:47,304 | INFO | algorithm_v1.quantization.qat.flatquant.method | saved paramaters at /home/ma-user/work/algorithm-v1/results-npu/quantization/Qwen2.5-7B-Instruct/flatquant/flatquant_w4a4_seq512/flat_parameters.pth
2026-03-22 19:32:47,912 | INFO | algorithm_v1.quantization.qat.flatquant.method | ========= Layer 2 =========
2026-03-22 19:32:48,575 | INFO | algorithm_v1.quantization.qat.flatquant.method | layer 2 lwc lac iter 0, lr 0.00494542  time 0.498375s, mse: 0.00458452
2026-03-22 19:32:49,040 | INFO | algorithm_v1.quantization.qat.flatquant.method | layer 2 lwc lac iter 1, lr 0.00478408  time 0.464309s, mse: 0.00336977
2026-03-22 19:32:49,508 | INFO | algorithm_v1.quantization.qat.flatquant.method | layer 2 lwc lac iter 2, lr 0.00452302  time 0.467591s, mse: 0.00272592
2026-03-22 19:32:49,967 | INFO | algorithm_v1.quantization.qat.flatquant.method | layer 2 lwc lac iter 3, lr 0.00417365  time 0.459420s, mse: 0.00236996
2026-03-22 19:32:50,427 | INFO | algorithm_v1.quantization.qat.flatquant.method | layer 2 lwc lac iter 4, lr 0.00375125  time 0.459417s, mse: 0.00215821
2026-03-22 19:32:50,900 | INFO | algorithm_v1.quantization.qat.flatquant.method | layer 2 lwc lac iter 5, lr 0.00327427  time 0.472897s, mse: 0.00202734
2026-03-22 19:32:51,370 | INFO | algorithm_v1.quantization.qat.flatquant.method | layer 2 lwc lac iter 6, lr 0.00276356  time 0.470331s, mse: 0.00192756
2026-03-22 19:32:51,835 | INFO | algorithm_v1.quantization.qat.flatquant.method | layer 2 lwc lac iter 7, lr 0.00224144  time 0.464220s, mse: 0.00185678
2026-03-22 19:32:52,300 | INFO | algorithm_v1.quantization.qat.flatquant.method | layer 2 lwc lac iter 8, lr 0.00173073  time 0.464590s, mse: 0.00180561
2026-03-22 19:32:52,768 | INFO | algorithm_v1.quantization.qat.flatquant.method | layer 2 lwc lac iter 9, lr 0.00125375  time 0.467688s, mse: 0.00177313
2026-03-22 19:32:53,237 | INFO | algorithm_v1.quantization.qat.flatquant.method | layer 2 lwc lac iter 10, lr 0.00083135  time 0.469089s, mse: 0.00174310
2026-03-22 19:32:53,718 | INFO | algorithm_v1.quantization.qat.flatquant.method | layer 2 lwc lac iter 11, lr 0.00048198  time 0.481111s, mse: 0.00171524
2026-03-22 19:32:54,197 | INFO | algorithm_v1.quantization.qat.flatquant.method | layer 2 lwc lac iter 12, lr 0.00022092  time 0.478923s, mse: 0.00171809
2026-03-22 19:32:54,673 | INFO | algorithm_v1.quantization.qat.flatquant.method | layer 2 lwc lac iter 13, lr 0.00005958  time 0.475534s, mse: 0.00169608
2026-03-22 19:32:55,138 | INFO | algorithm_v1.quantization.qat.flatquant.method | layer 2 lwc lac iter 14, lr 0.00000500  time 0.465230s, mse: 0.00168818
2026-03-22 19:32:55,307 | INFO | algorithm_v1.quantization.qat.flatquant.method | saved paramaters at /home/ma-user/work/algorithm-v1/results-npu/quantization/Qwen2.5-7B-Instruct/flatquant/flatquant_w4a4_seq512/flat_parameters.pth
2026-03-22 19:32:55,880 | INFO | algorithm_v1.quantization.qat.flatquant.method | ========= Layer 3 =========
2026-03-22 19:32:56,573 | INFO | algorithm_v1.quantization.qat.flatquant.method | layer 3 lwc lac iter 0, lr 0.00494542  time 0.516225s, mse: 0.36105326
2026-03-22 19:32:57,050 | INFO | algorithm_v1.quantization.qat.flatquant.method | layer 3 lwc lac iter 1, lr 0.00478408  time 0.477128s, mse: 0.09149124
2026-03-22 19:32:57,525 | INFO | algorithm_v1.quantization.qat.flatquant.method | layer 3 lwc lac iter 2, lr 0.00452302  time 0.474463s, mse: 0.11612806
2026-03-22 19:32:58,002 | INFO | algorithm_v1.quantization.qat.flatquant.method | layer 3 lwc lac iter 3, lr 0.00417365  time 0.477393s, mse: 0.09958041
2026-03-22 19:32:58,473 | INFO | algorithm_v1.quantization.qat.flatquant.method | layer 3 lwc lac iter 4, lr 0.00375125  time 0.471125s, mse: 0.10027836
2026-03-22 19:32:58,954 | INFO | algorithm_v1.quantization.qat.flatquant.method | layer 3 lwc lac iter 5, lr 0.00327427  time 0.480410s, mse: 0.06689989
2026-03-22 19:32:59,431 | INFO | algorithm_v1.quantization.qat.flatquant.method | layer 3 lwc lac iter 6, lr 0.00276356  time 0.476841s, mse: 0.08319835
2026-03-22 19:32:59,929 | INFO | algorithm_v1.quantization.qat.flatquant.method | layer 3 lwc lac iter 7, lr 0.00224144  time 0.497992s, mse: 0.04154249
2026-03-22 19:33:00,418 | INFO | algorithm_v1.quantization.qat.flatquant.method | layer 3 lwc lac iter 8, lr 0.00173073  time 0.488474s, mse: 0.04806073
2026-03-22 19:33:00,885 | INFO | algorithm_v1.quantization.qat.flatquant.method | layer 3 lwc lac iter 9, lr 0.00125375  time 0.466816s, mse: 0.10384198
2026-03-22 19:33:01,353 | INFO | algorithm_v1.quantization.qat.flatquant.method | layer 3 lwc lac iter 10, lr 0.00083135  time 0.467816s, mse: 0.05064765
2026-03-22 19:33:01,842 | INFO | algorithm_v1.quantization.qat.flatquant.method | layer 3 lwc lac iter 11, lr 0.00048198  time 0.488925s, mse: 0.06416284
2026-03-22 19:33:02,322 | INFO | algorithm_v1.quantization.qat.flatquant.method | layer 3 lwc lac iter 12, lr 0.00022092  time 0.480011s, mse: 0.09217555
2026-03-22 19:33:02,807 | INFO | algorithm_v1.quantization.qat.flatquant.method | layer 3 lwc lac iter 13, lr 0.00005958  time 0.483946s, mse: 0.09673554
2026-03-22 19:33:03,278 | INFO | algorithm_v1.quantization.qat.flatquant.method | layer 3 lwc lac iter 14, lr 0.00000500  time 0.471389s, mse: 0.11199185
2026-03-22 19:33:03,457 | INFO | algorithm_v1.quantization.qat.flatquant.method | saved paramaters at /home/ma-user/work/algorithm-v1/results-npu/quantization/Qwen2.5-7B-Instruct/flatquant/flatquant_w4a4_seq512/flat_parameters.pth
2026-03-22 19:33:04,074 | INFO | algorithm_v1.quantization.qat.flatquant.method | ========= Layer 4 =========
2026-03-22 19:33:04,740 | INFO | algorithm_v1.quantization.qat.flatquant.method | layer 4 lwc lac iter 0, lr 0.00494542  time 0.509797s, mse: 0.21166679
2026-03-22 19:33:05,217 | INFO | algorithm_v1.quantization.qat.flatquant.method | layer 4 lwc lac iter 1, lr 0.00478408  time 0.477401s, mse: 0.08019788
2026-03-22 19:33:05,693 | INFO | algorithm_v1.quantization.qat.flatquant.method | layer 4 lwc lac iter 2, lr 0.00452302  time 0.475528s, mse: 0.04870212
2026-03-22 19:33:06,180 | INFO | algorithm_v1.quantization.qat.flatquant.method | layer 4 lwc lac iter 3, lr 0.00417365  time 0.487129s, mse: 0.04303911
2026-03-22 19:33:06,661 | INFO | algorithm_v1.quantization.qat.flatquant.method | layer 4 lwc lac iter 4, lr 0.00375125  time 0.480620s, mse: 0.04040517
2026-03-22 19:33:07,151 | INFO | algorithm_v1.quantization.qat.flatquant.method | layer 4 lwc lac iter 5, lr 0.00327427  time 0.490070s, mse: 0.03587679
2026-03-22 19:33:07,625 | INFO | algorithm_v1.quantization.qat.flatquant.method | layer 4 lwc lac iter 6, lr 0.00276356  time 0.473578s, mse: 0.03123777
2026-03-22 19:33:08,101 | INFO | algorithm_v1.quantization.qat.flatquant.method | layer 4 lwc lac iter 7, lr 0.00224144  time 0.475484s, mse: 0.03038291
2026-03-22 19:33:08,617 | INFO | algorithm_v1.quantization.qat.flatquant.method | layer 4 lwc lac iter 8, lr 0.00173073  time 0.516229s, mse: 0.02818378
2026-03-22 19:33:09,106 | INFO | algorithm_v1.quantization.qat.flatquant.method | layer 4 lwc lac iter 9, lr 0.00125375  time 0.488678s, mse: 0.02746178
2026-03-22 19:33:09,588 | INFO | algorithm_v1.quantization.qat.flatquant.method | layer 4 lwc lac iter 10, lr 0.00083135  time 0.481449s, mse: 0.02620376
2026-03-22 19:33:10,073 | INFO | algorithm_v1.quantization.qat.flatquant.method | layer 4 lwc lac iter 11, lr 0.00048198  time 0.484562s, mse: 0.02448018
2026-03-22 19:33:10,552 | INFO | algorithm_v1.quantization.qat.flatquant.method | layer 4 lwc lac iter 12, lr 0.00022092  time 0.478879s, mse: 0.02404035
2026-03-22 19:33:11,029 | INFO | algorithm_v1.quantization.qat.flatquant.method | layer 4 lwc lac iter 13, lr 0.00005958  time 0.476887s, mse: 0.02349933
2026-03-22 19:33:11,504 | INFO | algorithm_v1.quantization.qat.flatquant.method | layer 4 lwc lac iter 14, lr 0.00000500  time 0.475018s, mse: 0.02317608
2026-03-22 19:33:11,697 | INFO | algorithm_v1.quantization.qat.flatquant.method | saved paramaters at /home/ma-user/work/algorithm-v1/results-npu/quantization/Qwen2.5-7B-Instruct/flatquant/flatquant_w4a4_seq512/flat_parameters.pth
2026-03-22 19:33:12,285 | INFO | algorithm_v1.quantization.qat.flatquant.method | ========= Layer 5 =========
2026-03-22 19:33:12,952 | INFO | algorithm_v1.quantization.qat.flatquant.method | layer 5 lwc lac iter 0, lr 0.00494542  time 0.499348s, mse: 0.01573309
2026-03-22 19:33:13,416 | INFO | algorithm_v1.quantization.qat.flatquant.method | layer 5 lwc lac iter 1, lr 0.00478408  time 0.463276s, mse: 0.00983413
2026-03-22 19:33:13,885 | INFO | algorithm_v1.quantization.qat.flatquant.method | layer 5 lwc lac iter 2, lr 0.00452302  time 0.469700s, mse: 0.00871072
2026-03-22 19:33:14,356 | INFO | algorithm_v1.quantization.qat.flatquant.method | layer 5 lwc lac iter 3, lr 0.00417365  time 0.470139s, mse: 0.00787766
2026-03-22 19:33:14,818 | INFO | algorithm_v1.quantization.qat.flatquant.method | layer 5 lwc lac iter 4, lr 0.00375125  time 0.462007s, mse: 0.00731879
2026-03-22 19:33:15,285 | INFO | algorithm_v1.quantization.qat.flatquant.method | layer 5 lwc lac iter 5, lr 0.00327427  time 0.466455s, mse: 0.00691022
2026-03-22 19:33:15,779 | INFO | algorithm_v1.quantization.qat.flatquant.method | layer 5 lwc lac iter 6, lr 0.00276356  time 0.494334s, mse: 0.00656053
2026-03-22 19:33:16,263 | INFO | algorithm_v1.quantization.qat.flatquant.method | layer 5 lwc lac iter 7, lr 0.00224144  time 0.483998s, mse: 0.00629326
2026-03-22 19:33:16,759 | INFO | algorithm_v1.quantization.qat.flatquant.method | layer 5 lwc lac iter 8, lr 0.00173073  time 0.494976s, mse: 0.00615948
2026-03-22 19:33:17,225 | INFO | algorithm_v1.quantization.qat.flatquant.method | layer 5 lwc lac iter 9, lr 0.00125375  time 0.466126s, mse: 0.00598500
2026-03-22 19:33:17,699 | INFO | algorithm_v1.quantization.qat.flatquant.method | layer 5 lwc lac iter 10, lr 0.00083135  time 0.474270s, mse: 0.00586882
2026-03-22 19:33:18,165 | INFO | algorithm_v1.quantization.qat.flatquant.method | layer 5 lwc lac iter 11, lr 0.00048198  time 0.465415s, mse: 0.00575973
2026-03-22 19:33:18,640 | INFO | algorithm_v1.quantization.qat.flatquant.method | layer 5 lwc lac iter 12, lr 0.00022092  time 0.474426s, mse: 0.00571839
2026-03-22 19:33:19,125 | INFO | algorithm_v1.quantization.qat.flatquant.method | layer 5 lwc lac iter 13, lr 0.00005958  time 0.484648s, mse: 0.00568363
2026-03-22 19:33:19,600 | INFO | algorithm_v1.quantization.qat.flatquant.method | layer 5 lwc lac iter 14, lr 0.00000500  time 0.475386s, mse: 0.00565262
2026-03-22 19:33:19,804 | INFO | algorithm_v1.quantization.qat.flatquant.method | saved paramaters at /home/ma-user/work/algorithm-v1/results-npu/quantization/Qwen2.5-7B-Instruct/flatquant/flatquant_w4a4_seq512/flat_parameters.pth
2026-03-22 19:33:20,396 | INFO | algorithm_v1.quantization.qat.flatquant.method | ========= Layer 6 =========
2026-03-22 19:33:21,083 | INFO | algorithm_v1.quantization.qat.flatquant.method | layer 6 lwc lac iter 0, lr 0.00494542  time 0.518113s, mse: 0.02736279
2026-03-22 19:33:21,554 | INFO | algorithm_v1.quantization.qat.flatquant.method | layer 6 lwc lac iter 1, lr 0.00478408  time 0.470245s, mse: 0.02034475
2026-03-22 19:33:22,060 | INFO | algorithm_v1.quantization.qat.flatquant.method | layer 6 lwc lac iter 2, lr 0.00452302  time 0.505791s, mse: 0.01736329
2026-03-22 19:33:22,540 | INFO | algorithm_v1.quantization.qat.flatquant.method | layer 6 lwc lac iter 3, lr 0.00417365  time 0.480149s, mse: 0.01564288
2026-03-22 19:33:23,012 | INFO | algorithm_v1.quantization.qat.flatquant.method | layer 6 lwc lac iter 4, lr 0.00375125  time 0.471298s, mse: 0.01507607
2026-03-22 19:33:23,485 | INFO | algorithm_v1.quantization.qat.flatquant.method | layer 6 lwc lac iter 5, lr 0.00327427  time 0.473526s, mse: 0.01436936
2026-03-22 19:33:23,953 | INFO | algorithm_v1.quantization.qat.flatquant.method | layer 6 lwc lac iter 6, lr 0.00276356  time 0.467252s, mse: 0.01406445
2026-03-22 19:33:24,427 | INFO | algorithm_v1.quantization.qat.flatquant.method | layer 6 lwc lac iter 7, lr 0.00224144  time 0.473687s, mse: 0.01367363
2026-03-22 19:33:24,897 | INFO | algorithm_v1.quantization.qat.flatquant.method | layer 6 lwc lac iter 8, lr 0.00173073  time 0.470129s, mse: 0.01329493
2026-03-22 19:33:25,367 | INFO | algorithm_v1.quantization.qat.flatquant.method | layer 6 lwc lac iter 9, lr 0.00125375  time 0.469620s, mse: 0.01318192
2026-03-22 19:33:25,846 | INFO | algorithm_v1.quantization.qat.flatquant.method | layer 6 lwc lac iter 10, lr 0.00083135  time 0.478637s, mse: 0.01294486
2026-03-22 19:33:26,315 | INFO | algorithm_v1.quantization.qat.flatquant.method | layer 6 lwc lac iter 11, lr 0.00048198  time 0.468566s, mse: 0.01290696
2026-03-22 19:33:26,784 | INFO | algorithm_v1.quantization.qat.flatquant.method | layer 6 lwc lac iter 12, lr 0.00022092  time 0.469344s, mse: 0.01273920
2026-03-22 19:33:27,265 | INFO | algorithm_v1.quantization.qat.flatquant.method | layer 6 lwc lac iter 13, lr 0.00005958  time 0.480672s, mse: 0.01276343
2026-03-22 19:33:27,743 | INFO | algorithm_v1.quantization.qat.flatquant.method | layer 6 lwc lac iter 14, lr 0.00000500  time 0.478223s, mse: 0.01271521
2026-03-22 19:33:27,970 | INFO | algorithm_v1.quantization.qat.flatquant.method | saved paramaters at /home/ma-user/work/algorithm-v1/results-npu/quantization/Qwen2.5-7B-Instruct/flatquant/flatquant_w4a4_seq512/flat_parameters.pth
2026-03-22 19:33:28,575 | INFO | algorithm_v1.quantization.qat.flatquant.method | ========= Layer 7 =========
2026-03-22 19:33:29,250 | INFO | algorithm_v1.quantization.qat.flatquant.method | layer 7 lwc lac iter 0, lr 0.00494542  time 0.508334s, mse: 0.03126579
2026-03-22 19:33:29,744 | INFO | algorithm_v1.quantization.qat.flatquant.method | layer 7 lwc lac iter 1, lr 0.00478408  time 0.493716s, mse: 0.02547296
2026-03-22 19:33:30,242 | INFO | algorithm_v1.quantization.qat.flatquant.method | layer 7 lwc lac iter 2, lr 0.00452302  time 0.497800s, mse: 0.02234435
2026-03-22 19:33:30,740 | INFO | algorithm_v1.quantization.qat.flatquant.method | layer 7 lwc lac iter 3, lr 0.00417365  time 0.498167s, mse: 0.02110188
2026-03-22 19:33:31,238 | INFO | algorithm_v1.quantization.qat.flatquant.method | layer 7 lwc lac iter 4, lr 0.00375125  time 0.497878s, mse: 0.02017096
2026-03-22 19:33:31,748 | INFO | algorithm_v1.quantization.qat.flatquant.method | layer 7 lwc lac iter 5, lr 0.00327427  time 0.509112s, mse: 0.01971507
2026-03-22 19:33:32,261 | INFO | algorithm_v1.quantization.qat.flatquant.method | layer 7 lwc lac iter 6, lr 0.00276356  time 0.512802s, mse: 0.01913979
2026-03-22 19:33:32,762 | INFO | algorithm_v1.quantization.qat.flatquant.method | layer 7 lwc lac iter 7, lr 0.00224144  time 0.500860s, mse: 0.01858828
2026-03-22 19:33:33,258 | INFO | algorithm_v1.quantization.qat.flatquant.method | layer 7 lwc lac iter 8, lr 0.00173073  time 0.495497s, mse: 0.01825628
2026-03-22 19:33:33,762 | INFO | algorithm_v1.quantization.qat.flatquant.method | layer 7 lwc lac iter 9, lr 0.00125375  time 0.504489s, mse: 0.01790699
2026-03-22 19:33:34,276 | INFO | algorithm_v1.quantization.qat.flatquant.method | layer 7 lwc lac iter 10, lr 0.00083135  time 0.512945s, mse: 0.01780258
2026-03-22 19:33:34,778 | INFO | algorithm_v1.quantization.qat.flatquant.method | layer 7 lwc lac iter 11, lr 0.00048198  time 0.502047s, mse: 0.01757557
2026-03-22 19:33:35,266 | INFO | algorithm_v1.quantization.qat.flatquant.method | layer 7 lwc lac iter 12, lr 0.00022092  time 0.488048s, mse: 0.01751385
2026-03-22 19:33:35,747 | INFO | algorithm_v1.quantization.qat.flatquant.method | layer 7 lwc lac iter 13, lr 0.00005958  time 0.480181s, mse: 0.01749106
2026-03-22 19:33:36,257 | INFO | algorithm_v1.quantization.qat.flatquant.method | layer 7 lwc lac iter 14, lr 0.00000500  time 0.510442s, mse: 0.01746318
2026-03-22 19:33:36,479 | INFO | algorithm_v1.quantization.qat.flatquant.method | saved paramaters at /home/ma-user/work/algorithm-v1/results-npu/quantization/Qwen2.5-7B-Instruct/flatquant/flatquant_w4a4_seq512/flat_parameters.pth
2026-03-22 19:33:37,110 | INFO | algorithm_v1.quantization.qat.flatquant.method | ========= Layer 8 =========
2026-03-22 19:33:37,805 | INFO | algorithm_v1.quantization.qat.flatquant.method | layer 8 lwc lac iter 0, lr 0.00494542  time 0.525379s, mse: 0.03546686
2026-03-22 19:33:38,277 | INFO | algorithm_v1.quantization.qat.flatquant.method | layer 8 lwc lac iter 1, lr 0.00478408  time 0.471875s, mse: 0.02914315
2026-03-22 19:33:38,753 | INFO | algorithm_v1.quantization.qat.flatquant.method | layer 8 lwc lac iter 2, lr 0.00452302  time 0.475876s, mse: 0.02627168
2026-03-22 19:33:39,230 | INFO | algorithm_v1.quantization.qat.flatquant.method | layer 8 lwc lac iter 3, lr 0.00417365  time 0.477265s, mse: 0.02452860
2026-03-22 19:33:39,709 | INFO | algorithm_v1.quantization.qat.flatquant.method | layer 8 lwc lac iter 4, lr 0.00375125  time 0.478444s, mse: 0.02352498
2026-03-22 19:33:40,194 | INFO | algorithm_v1.quantization.qat.flatquant.method | layer 8 lwc lac iter 5, lr 0.00327427  time 0.485092s, mse: 0.02266317
2026-03-22 19:33:40,666 | INFO | algorithm_v1.quantization.qat.flatquant.method | layer 8 lwc lac iter 6, lr 0.00276356  time 0.471384s, mse: 0.02208984
2026-03-22 19:33:41,143 | INFO | algorithm_v1.quantization.qat.flatquant.method | layer 8 lwc lac iter 7, lr 0.00224144  time 0.476876s, mse: 0.02158604
2026-03-22 19:33:41,610 | INFO | algorithm_v1.quantization.qat.flatquant.method | layer 8 lwc lac iter 8, lr 0.00173073  time 0.467304s, mse: 0.02124108
2026-03-22 19:33:42,087 | INFO | algorithm_v1.quantization.qat.flatquant.method | layer 8 lwc lac iter 9, lr 0.00125375  time 0.476450s, mse: 0.02092140
2026-03-22 19:33:42,573 | INFO | algorithm_v1.quantization.qat.flatquant.method | layer 8 lwc lac iter 10, lr 0.00083135  time 0.485939s, mse: 0.02068867
2026-03-22 19:33:43,053 | INFO | algorithm_v1.quantization.qat.flatquant.method | layer 8 lwc lac iter 11, lr 0.00048198  time 0.480013s, mse: 0.02058611
2026-03-22 19:33:43,538 | INFO | algorithm_v1.quantization.qat.flatquant.method | layer 8 lwc lac iter 12, lr 0.00022092  time 0.484336s, mse: 0.02047379
2026-03-22 19:33:44,016 | INFO | algorithm_v1.quantization.qat.flatquant.method | layer 8 lwc lac iter 13, lr 0.00005958  time 0.477053s, mse: 0.02037650
2026-03-22 19:33:44,505 | INFO | algorithm_v1.quantization.qat.flatquant.method | layer 8 lwc lac iter 14, lr 0.00000500  time 0.488854s, mse: 0.02032295
2026-03-22 19:33:44,744 | INFO | algorithm_v1.quantization.qat.flatquant.method | saved paramaters at /home/ma-user/work/algorithm-v1/results-npu/quantization/Qwen2.5-7B-Instruct/flatquant/flatquant_w4a4_seq512/flat_parameters.pth
2026-03-22 19:33:45,394 | INFO | algorithm_v1.quantization.qat.flatquant.method | ========= Layer 9 =========
2026-03-22 19:33:46,132 | INFO | algorithm_v1.quantization.qat.flatquant.method | layer 9 lwc lac iter 0, lr 0.00494542  time 0.583705s, mse: 0.03184935
2026-03-22 19:33:46,657 | INFO | algorithm_v1.quantization.qat.flatquant.method | layer 9 lwc lac iter 1, lr 0.00478408  time 0.525409s, mse: 0.02770788
2026-03-22 19:33:47,196 | INFO | algorithm_v1.quantization.qat.flatquant.method | layer 9 lwc lac iter 2, lr 0.00452302  time 0.538425s, mse: 0.02477884
2026-03-22 19:33:47,706 | INFO | algorithm_v1.quantization.qat.flatquant.method | layer 9 lwc lac iter 3, lr 0.00417365  time 0.510209s, mse: 0.02282316
2026-03-22 19:33:48,234 | INFO | algorithm_v1.quantization.qat.flatquant.method | layer 9 lwc lac iter 4, lr 0.00375125  time 0.527280s, mse: 0.02191641
2026-03-22 19:33:48,732 | INFO | algorithm_v1.quantization.qat.flatquant.method | layer 9 lwc lac iter 5, lr 0.00327427  time 0.498117s, mse: 0.02144246
2026-03-22 19:33:49,250 | INFO | algorithm_v1.quantization.qat.flatquant.method | layer 9 lwc lac iter 6, lr 0.00276356  time 0.517658s, mse: 0.02120705
2026-03-22 19:33:49,771 | INFO | algorithm_v1.quantization.qat.flatquant.method | layer 9 lwc lac iter 7, lr 0.00224144  time 0.520822s, mse: 0.02050505
2026-03-22 19:33:50,272 | INFO | algorithm_v1.quantization.qat.flatquant.method | layer 9 lwc lac iter 8, lr 0.00173073  time 0.501187s, mse: 0.02014343
2026-03-22 19:33:50,730 | INFO | algorithm_v1.quantization.qat.flatquant.method | layer 9 lwc lac iter 9, lr 0.00125375  time 0.457472s, mse: 0.01982235
2026-03-22 19:33:51,200 | INFO | algorithm_v1.quantization.qat.flatquant.method | layer 9 lwc lac iter 10, lr 0.00083135  time 0.470076s, mse: 0.01949191
2026-03-22 19:33:51,683 | INFO | algorithm_v1.quantization.qat.flatquant.method | layer 9 lwc lac iter 11, lr 0.00048198  time 0.482474s, mse: 0.01935298
2026-03-22 19:33:52,154 | INFO | algorithm_v1.quantization.qat.flatquant.method | layer 9 lwc lac iter 12, lr 0.00022092  time 0.471065s, mse: 0.01915006
2026-03-22 19:33:52,629 | INFO | algorithm_v1.quantization.qat.flatquant.method | layer 9 lwc lac iter 13, lr 0.00005958  time 0.474906s, mse: 0.01911697
2026-03-22 19:33:53,110 | INFO | algorithm_v1.quantization.qat.flatquant.method | layer 9 lwc lac iter 14, lr 0.00000500  time 0.480717s, mse: 0.01913539
2026-03-22 19:33:53,357 | INFO | algorithm_v1.quantization.qat.flatquant.method | saved paramaters at /home/ma-user/work/algorithm-v1/results-npu/quantization/Qwen2.5-7B-Instruct/flatquant/flatquant_w4a4_seq512/flat_parameters.pth
2026-03-22 19:33:53,963 | INFO | algorithm_v1.quantization.qat.flatquant.method | ========= Layer 10 =========
2026-03-22 19:33:54,621 | INFO | algorithm_v1.quantization.qat.flatquant.method | layer 10 lwc lac iter 0, lr 0.00494542  time 0.514029s, mse: 0.03151685
2026-03-22 19:33:55,103 | INFO | algorithm_v1.quantization.qat.flatquant.method | layer 10 lwc lac iter 1, lr 0.00478408  time 0.481606s, mse: 0.02649014
2026-03-22 19:33:55,581 | INFO | algorithm_v1.quantization.qat.flatquant.method | layer 10 lwc lac iter 2, lr 0.00452302  time 0.477738s, mse: 0.02355918
2026-03-22 19:33:56,048 | INFO | algorithm_v1.quantization.qat.flatquant.method | layer 10 lwc lac iter 3, lr 0.00417365  time 0.466899s, mse: 0.02248247
2026-03-22 19:33:56,560 | INFO | algorithm_v1.quantization.qat.flatquant.method | layer 10 lwc lac iter 4, lr 0.00375125  time 0.511636s, mse: 0.02141223
2026-03-22 19:33:57,042 | INFO | algorithm_v1.quantization.qat.flatquant.method | layer 10 lwc lac iter 5, lr 0.00327427  time 0.482314s, mse: 0.02064811
2026-03-22 19:33:57,525 | INFO | algorithm_v1.quantization.qat.flatquant.method | layer 10 lwc lac iter 6, lr 0.00276356  time 0.482852s, mse: 0.02045910
2026-03-22 19:33:57,993 | INFO | algorithm_v1.quantization.qat.flatquant.method | layer 10 lwc lac iter 7, lr 0.00224144  time 0.467181s, mse: 0.01987140
2026-03-22 19:33:58,462 | INFO | algorithm_v1.quantization.qat.flatquant.method | layer 10 lwc lac iter 8, lr 0.00173073  time 0.468963s, mse: 0.01955858
2026-03-22 19:33:58,941 | INFO | algorithm_v1.quantization.qat.flatquant.method | layer 10 lwc lac iter 9, lr 0.00125375  time 0.479272s, mse: 0.01934526
2026-03-22 19:33:59,442 | INFO | algorithm_v1.quantization.qat.flatquant.method | layer 10 lwc lac iter 10, lr 0.00083135  time 0.500736s, mse: 0.01920470
2026-03-22 19:33:59,970 | INFO | algorithm_v1.quantization.qat.flatquant.method | layer 10 lwc lac iter 11, lr 0.00048198  time 0.527904s, mse: 0.01918994
2026-03-22 19:34:00,504 | INFO | algorithm_v1.quantization.qat.flatquant.method | layer 10 lwc lac iter 12, lr 0.00022092  time 0.533239s, mse: 0.01944052
2026-03-22 19:34:01,039 | INFO | algorithm_v1.quantization.qat.flatquant.method | layer 10 lwc lac iter 13, lr 0.00005958  time 0.535479s, mse: 0.01913597
2026-03-22 19:34:01,569 | INFO | algorithm_v1.quantization.qat.flatquant.method | layer 10 lwc lac iter 14, lr 0.00000500  time 0.529143s, mse: 0.01908095
2026-03-22 19:34:01,825 | INFO | algorithm_v1.quantization.qat.flatquant.method | saved paramaters at /home/ma-user/work/algorithm-v1/results-npu/quantization/Qwen2.5-7B-Instruct/flatquant/flatquant_w4a4_seq512/flat_parameters.pth
2026-03-22 19:34:02,396 | INFO | algorithm_v1.quantization.qat.flatquant.method | ========= Layer 11 =========
2026-03-22 19:34:03,087 | INFO | algorithm_v1.quantization.qat.flatquant.method | layer 11 lwc lac iter 0, lr 0.00494542  time 0.534840s, mse: 0.03917670
2026-03-22 19:34:03,563 | INFO | algorithm_v1.quantization.qat.flatquant.method | layer 11 lwc lac iter 1, lr 0.00478408  time 0.475857s, mse: 0.02836716
2026-03-22 19:34:04,034 | INFO | algorithm_v1.quantization.qat.flatquant.method | layer 11 lwc lac iter 2, lr 0.00452302  time 0.470571s, mse: 0.02601920
2026-03-22 19:34:04,504 | INFO | algorithm_v1.quantization.qat.flatquant.method | layer 11 lwc lac iter 3, lr 0.00417365  time 0.470055s, mse: 0.02489679
2026-03-22 19:34:04,985 | INFO | algorithm_v1.quantization.qat.flatquant.method | layer 11 lwc lac iter 4, lr 0.00375125  time 0.480430s, mse: 0.02353622
2026-03-22 19:34:05,457 | INFO | algorithm_v1.quantization.qat.flatquant.method | layer 11 lwc lac iter 5, lr 0.00327427  time 0.472077s, mse: 0.02249396
2026-03-22 19:34:05,939 | INFO | algorithm_v1.quantization.qat.flatquant.method | layer 11 lwc lac iter 6, lr 0.00276356  time 0.481366s, mse: 0.02179977
2026-03-22 19:34:06,432 | INFO | algorithm_v1.quantization.qat.flatquant.method | layer 11 lwc lac iter 7, lr 0.00224144  time 0.493178s, mse: 0.02134932
2026-03-22 19:34:06,905 | INFO | algorithm_v1.quantization.qat.flatquant.method | layer 11 lwc lac iter 8, lr 0.00173073  time 0.472371s, mse: 0.02097475
2026-03-22 19:34:07,379 | INFO | algorithm_v1.quantization.qat.flatquant.method | layer 11 lwc lac iter 9, lr 0.00125375  time 0.474564s, mse: 0.02063769
2026-03-22 19:34:07,859 | INFO | algorithm_v1.quantization.qat.flatquant.method | layer 11 lwc lac iter 10, lr 0.00083135  time 0.479731s, mse: 0.02022868
2026-03-22 19:34:08,334 | INFO | algorithm_v1.quantization.qat.flatquant.method | layer 11 lwc lac iter 11, lr 0.00048198  time 0.474194s, mse: 0.02005829
2026-03-22 19:34:08,798 | INFO | algorithm_v1.quantization.qat.flatquant.method | layer 11 lwc lac iter 12, lr 0.00022092  time 0.463635s, mse: 0.01988411
2026-03-22 19:34:09,276 | INFO | algorithm_v1.quantization.qat.flatquant.method | layer 11 lwc lac iter 13, lr 0.00005958  time 0.478380s, mse: 0.01981673
2026-03-22 19:34:09,745 | INFO | algorithm_v1.quantization.qat.flatquant.method | layer 11 lwc lac iter 14, lr 0.00000500  time 0.468895s, mse: 0.01976006
2026-03-22 19:34:10,012 | INFO | algorithm_v1.quantization.qat.flatquant.method | saved paramaters at /home/ma-user/work/algorithm-v1/results-npu/quantization/Qwen2.5-7B-Instruct/flatquant/flatquant_w4a4_seq512/flat_parameters.pth
2026-03-22 19:34:10,579 | INFO | algorithm_v1.quantization.qat.flatquant.method | ========= Layer 12 =========
2026-03-22 19:34:11,261 | INFO | algorithm_v1.quantization.qat.flatquant.method | layer 12 lwc lac iter 0, lr 0.00494542  time 0.501677s, mse: 0.02943014
2026-03-22 19:34:11,728 | INFO | algorithm_v1.quantization.qat.flatquant.method | layer 12 lwc lac iter 1, lr 0.00478408  time 0.466274s, mse: 0.02678485
2026-03-22 19:34:12,207 | INFO | algorithm_v1.quantization.qat.flatquant.method | layer 12 lwc lac iter 2, lr 0.00452302  time 0.478734s, mse: 0.02275880
2026-03-22 19:34:12,677 | INFO | algorithm_v1.quantization.qat.flatquant.method | layer 12 lwc lac iter 3, lr 0.00417365  time 0.469785s, mse: 0.02116312
2026-03-22 19:34:13,138 | INFO | algorithm_v1.quantization.qat.flatquant.method | layer 12 lwc lac iter 4, lr 0.00375125  time 0.460977s, mse: 0.02021870
2026-03-22 19:34:13,607 | INFO | algorithm_v1.quantization.qat.flatquant.method | layer 12 lwc lac iter 5, lr 0.00327427  time 0.468689s, mse: 0.01973050
2026-03-22 19:34:14,098 | INFO | algorithm_v1.quantization.qat.flatquant.method | layer 12 lwc lac iter 6, lr 0.00276356  time 0.491352s, mse: 0.01938804
2026-03-22 19:34:14,568 | INFO | algorithm_v1.quantization.qat.flatquant.method | layer 12 lwc lac iter 7, lr 0.00224144  time 0.469803s, mse: 0.01890672
2026-03-22 19:34:15,031 | INFO | algorithm_v1.quantization.qat.flatquant.method | layer 12 lwc lac iter 8, lr 0.00173073  time 0.462691s, mse: 0.01845707
2026-03-22 19:34:15,498 | INFO | algorithm_v1.quantization.qat.flatquant.method | layer 12 lwc lac iter 9, lr 0.00125375  time 0.466662s, mse: 0.01822378
2026-03-22 19:34:15,985 | INFO | algorithm_v1.quantization.qat.flatquant.method | layer 12 lwc lac iter 10, lr 0.00083135  time 0.486650s, mse: 0.01795213
2026-03-22 19:34:16,453 | INFO | algorithm_v1.quantization.qat.flatquant.method | layer 12 lwc lac iter 11, lr 0.00048198  time 0.467285s, mse: 0.01797727
2026-03-22 19:34:16,923 | INFO | algorithm_v1.quantization.qat.flatquant.method | layer 12 lwc lac iter 12, lr 0.00022092  time 0.469840s, mse: 0.01781712
2026-03-22 19:34:17,414 | INFO | algorithm_v1.quantization.qat.flatquant.method | layer 12 lwc lac iter 13, lr 0.00005958  time 0.490662s, mse: 0.01780358
2026-03-22 19:34:17,882 | INFO | algorithm_v1.quantization.qat.flatquant.method | layer 12 lwc lac iter 14, lr 0.00000500  time 0.468481s, mse: 0.01777904
2026-03-22 19:34:18,158 | INFO | algorithm_v1.quantization.qat.flatquant.method | saved paramaters at /home/ma-user/work/algorithm-v1/results-npu/quantization/Qwen2.5-7B-Instruct/flatquant/flatquant_w4a4_seq512/flat_parameters.pth
2026-03-22 19:34:18,740 | INFO | algorithm_v1.quantization.qat.flatquant.method | ========= Layer 13 =========
2026-03-22 19:34:19,413 | INFO | algorithm_v1.quantization.qat.flatquant.method | layer 13 lwc lac iter 0, lr 0.00494542  time 0.513262s, mse: 0.04793806
2026-03-22 19:34:19,881 | INFO | algorithm_v1.quantization.qat.flatquant.method | layer 13 lwc lac iter 1, lr 0.00478408  time 0.467149s, mse: 0.03382654
2026-03-22 19:34:20,351 | INFO | algorithm_v1.quantization.qat.flatquant.method | layer 13 lwc lac iter 2, lr 0.00452302  time 0.469840s, mse: 0.03026130
2026-03-22 19:34:20,834 | INFO | algorithm_v1.quantization.qat.flatquant.method | layer 13 lwc lac iter 3, lr 0.00417365  time 0.482984s, mse: 0.02860248
2026-03-22 19:34:21,305 | INFO | algorithm_v1.quantization.qat.flatquant.method | layer 13 lwc lac iter 4, lr 0.00375125  time 0.470716s, mse: 0.02647637
2026-03-22 19:34:21,790 | INFO | algorithm_v1.quantization.qat.flatquant.method | layer 13 lwc lac iter 5, lr 0.00327427  time 0.485066s, mse: 0.02561742
2026-03-22 19:34:22,260 | INFO | algorithm_v1.quantization.qat.flatquant.method | layer 13 lwc lac iter 6, lr 0.00276356  time 0.469138s, mse: 0.02532387
2026-03-22 19:34:22,727 | INFO | algorithm_v1.quantization.qat.flatquant.method | layer 13 lwc lac iter 7, lr 0.00224144  time 0.467277s, mse: 0.02361288
2026-03-22 19:34:23,204 | INFO | algorithm_v1.quantization.qat.flatquant.method | layer 13 lwc lac iter 8, lr 0.00173073  time 0.476693s, mse: 0.02307885
2026-03-22 19:34:23,684 | INFO | algorithm_v1.quantization.qat.flatquant.method | layer 13 lwc lac iter 9, lr 0.00125375  time 0.479905s, mse: 0.02241504
2026-03-22 19:34:24,163 | INFO | algorithm_v1.quantization.qat.flatquant.method | layer 13 lwc lac iter 10, lr 0.00083135  time 0.478646s, mse: 0.02252591
2026-03-22 19:34:24,628 | INFO | algorithm_v1.quantization.qat.flatquant.method | layer 13 lwc lac iter 11, lr 0.00048198  time 0.465065s, mse: 0.02215268
2026-03-22 19:34:25,094 | INFO | algorithm_v1.quantization.qat.flatquant.method | layer 13 lwc lac iter 12, lr 0.00022092  time 0.465476s, mse: 0.02195131
2026-03-22 19:34:25,568 | INFO | algorithm_v1.quantization.qat.flatquant.method | layer 13 lwc lac iter 13, lr 0.00005958  time 0.473598s, mse: 0.02195729
2026-03-22 19:34:26,054 | INFO | algorithm_v1.quantization.qat.flatquant.method | layer 13 lwc lac iter 14, lr 0.00000500  time 0.485588s, mse: 0.02204269
2026-03-22 19:34:26,348 | INFO | algorithm_v1.quantization.qat.flatquant.method | saved paramaters at /home/ma-user/work/algorithm-v1/results-npu/quantization/Qwen2.5-7B-Instruct/flatquant/flatquant_w4a4_seq512/flat_parameters.pth
2026-03-22 19:34:26,933 | INFO | algorithm_v1.quantization.qat.flatquant.method | ========= Layer 14 =========
2026-03-22 19:34:27,595 | INFO | algorithm_v1.quantization.qat.flatquant.method | layer 14 lwc lac iter 0, lr 0.00494542  time 0.511952s, mse: 0.03562511
2026-03-22 19:34:28,055 | INFO | algorithm_v1.quantization.qat.flatquant.method | layer 14 lwc lac iter 1, lr 0.00478408  time 0.459899s, mse: 0.02842931
2026-03-22 19:34:28,532 | INFO | algorithm_v1.quantization.qat.flatquant.method | layer 14 lwc lac iter 2, lr 0.00452302  time 0.475945s, mse: 0.02548222
2026-03-22 19:34:29,004 | INFO | algorithm_v1.quantization.qat.flatquant.method | layer 14 lwc lac iter 3, lr 0.00417365  time 0.471862s, mse: 0.02383611
2026-03-22 19:34:29,469 | INFO | algorithm_v1.quantization.qat.flatquant.method | layer 14 lwc lac iter 4, lr 0.00375125  time 0.465505s, mse: 0.02294891
2026-03-22 19:34:29,941 | INFO | algorithm_v1.quantization.qat.flatquant.method | layer 14 lwc lac iter 5, lr 0.00327427  time 0.471708s, mse: 0.02196119
2026-03-22 19:34:30,408 | INFO | algorithm_v1.quantization.qat.flatquant.method | layer 14 lwc lac iter 6, lr 0.00276356  time 0.466575s, mse: 0.02136283
2026-03-22 19:34:30,910 | INFO | algorithm_v1.quantization.qat.flatquant.method | layer 14 lwc lac iter 7, lr 0.00224144  time 0.501305s, mse: 0.02104830
2026-03-22 19:34:31,389 | INFO | algorithm_v1.quantization.qat.flatquant.method | layer 14 lwc lac iter 8, lr 0.00173073  time 0.479136s, mse: 0.02080181
2026-03-22 19:34:31,861 | INFO | algorithm_v1.quantization.qat.flatquant.method | layer 14 lwc lac iter 9, lr 0.00125375  time 0.472051s, mse: 0.02024939
2026-03-22 19:34:32,329 | INFO | algorithm_v1.quantization.qat.flatquant.method | layer 14 lwc lac iter 10, lr 0.00083135  time 0.467172s, mse: 0.02005410
2026-03-22 19:34:32,806 | INFO | algorithm_v1.quantization.qat.flatquant.method | layer 14 lwc lac iter 11, lr 0.00048198  time 0.477201s, mse: 0.01982733
2026-03-22 19:34:33,291 | INFO | algorithm_v1.quantization.qat.flatquant.method | layer 14 lwc lac iter 12, lr 0.00022092  time 0.484953s, mse: 0.01978585
2026-03-22 19:34:33,758 | INFO | algorithm_v1.quantization.qat.flatquant.method | layer 14 lwc lac iter 13, lr 0.00005958  time 0.467150s, mse: 0.01973768
2026-03-22 19:34:34,235 | INFO | algorithm_v1.quantization.qat.flatquant.method | layer 14 lwc lac iter 14, lr 0.00000500  time 0.476688s, mse: 0.01977739
2026-03-22 19:34:34,534 | INFO | algorithm_v1.quantization.qat.flatquant.method | saved paramaters at /home/ma-user/work/algorithm-v1/results-npu/quantization/Qwen2.5-7B-Instruct/flatquant/flatquant_w4a4_seq512/flat_parameters.pth
2026-03-22 19:34:35,083 | INFO | algorithm_v1.quantization.qat.flatquant.method | ========= Layer 15 =========
2026-03-22 19:34:35,751 | INFO | algorithm_v1.quantization.qat.flatquant.method | layer 15 lwc lac iter 0, lr 0.00494542  time 0.513014s, mse: 0.03604767
2026-03-22 19:34:36,235 | INFO | algorithm_v1.quantization.qat.flatquant.method | layer 15 lwc lac iter 1, lr 0.00478408  time 0.483013s, mse: 0.02789257
2026-03-22 19:34:36,730 | INFO | algorithm_v1.quantization.qat.flatquant.method | layer 15 lwc lac iter 2, lr 0.00452302  time 0.494875s, mse: 0.02526450
2026-03-22 19:34:37,232 | INFO | algorithm_v1.quantization.qat.flatquant.method | layer 15 lwc lac iter 3, lr 0.00417365  time 0.501551s, mse: 0.02375898
2026-03-22 19:34:37,705 | INFO | algorithm_v1.quantization.qat.flatquant.method | layer 15 lwc lac iter 4, lr 0.00375125  time 0.473240s, mse: 0.02249045
2026-03-22 19:34:38,186 | INFO | algorithm_v1.quantization.qat.flatquant.method | layer 15 lwc lac iter 5, lr 0.00327427  time 0.480525s, mse: 0.02161419
2026-03-22 19:34:38,667 | INFO | algorithm_v1.quantization.qat.flatquant.method | layer 15 lwc lac iter 6, lr 0.00276356  time 0.481089s, mse: 0.02101907
2026-03-22 19:34:39,158 | INFO | algorithm_v1.quantization.qat.flatquant.method | layer 15 lwc lac iter 7, lr 0.00224144  time 0.490202s, mse: 0.02051188
2026-03-22 19:34:39,634 | INFO | algorithm_v1.quantization.qat.flatquant.method | layer 15 lwc lac iter 8, lr 0.00173073  time 0.476285s, mse: 0.02034042
2026-03-22 19:34:40,093 | INFO | algorithm_v1.quantization.qat.flatquant.method | layer 15 lwc lac iter 9, lr 0.00125375  time 0.458995s, mse: 0.02039272
2026-03-22 19:34:40,570 | INFO | algorithm_v1.quantization.qat.flatquant.method | layer 15 lwc lac iter 10, lr 0.00083135  time 0.476258s, mse: 0.01985605
2026-03-22 19:34:41,036 | INFO | algorithm_v1.quantization.qat.flatquant.method | layer 15 lwc lac iter 11, lr 0.00048198  time 0.466548s, mse: 0.01972654
2026-03-22 19:34:41,503 | INFO | algorithm_v1.quantization.qat.flatquant.method | layer 15 lwc lac iter 12, lr 0.00022092  time 0.466363s, mse: 0.01971773
2026-03-22 19:34:41,977 | INFO | algorithm_v1.quantization.qat.flatquant.method | layer 15 lwc lac iter 13, lr 0.00005958  time 0.473708s, mse: 0.01970414
2026-03-22 19:34:42,449 | INFO | algorithm_v1.quantization.qat.flatquant.method | layer 15 lwc lac iter 14, lr 0.00000500  time 0.472226s, mse: 0.01965240
2026-03-22 19:34:42,744 | INFO | algorithm_v1.quantization.qat.flatquant.method | saved paramaters at /home/ma-user/work/algorithm-v1/results-npu/quantization/Qwen2.5-7B-Instruct/flatquant/flatquant_w4a4_seq512/flat_parameters.pth
2026-03-22 19:34:43,359 | INFO | algorithm_v1.quantization.qat.flatquant.method | ========= Layer 16 =========
2026-03-22 19:34:44,020 | INFO | algorithm_v1.quantization.qat.flatquant.method | layer 16 lwc lac iter 0, lr 0.00494542  time 0.501689s, mse: 0.03030378
2026-03-22 19:34:44,496 | INFO | algorithm_v1.quantization.qat.flatquant.method | layer 16 lwc lac iter 1, lr 0.00478408  time 0.475873s, mse: 0.02660675
2026-03-22 19:34:44,965 | INFO | algorithm_v1.quantization.qat.flatquant.method | layer 16 lwc lac iter 2, lr 0.00452302  time 0.468416s, mse: 0.02298551
2026-03-22 19:34:45,432 | INFO | algorithm_v1.quantization.qat.flatquant.method | layer 16 lwc lac iter 3, lr 0.00417365  time 0.467305s, mse: 0.02205182
2026-03-22 19:34:45,898 | INFO | algorithm_v1.quantization.qat.flatquant.method | layer 16 lwc lac iter 4, lr 0.00375125  time 0.465441s, mse: 0.02111473
2026-03-22 19:34:46,395 | INFO | algorithm_v1.quantization.qat.flatquant.method | layer 16 lwc lac iter 5, lr 0.00327427  time 0.497215s, mse: 0.02063722
2026-03-22 19:34:46,861 | INFO | algorithm_v1.quantization.qat.flatquant.method | layer 16 lwc lac iter 6, lr 0.00276356  time 0.465047s, mse: 0.01984236
2026-03-22 19:34:47,332 | INFO | algorithm_v1.quantization.qat.flatquant.method | layer 16 lwc lac iter 7, lr 0.00224144  time 0.471091s, mse: 0.01947908
2026-03-22 19:34:47,805 | INFO | algorithm_v1.quantization.qat.flatquant.method | layer 16 lwc lac iter 8, lr 0.00173073  time 0.473405s, mse: 0.01977037
2026-03-22 19:34:48,288 | INFO | algorithm_v1.quantization.qat.flatquant.method | layer 16 lwc lac iter 9, lr 0.00125375  time 0.482003s, mse: 0.01940627
2026-03-22 19:34:48,757 | INFO | algorithm_v1.quantization.qat.flatquant.method | layer 16 lwc lac iter 10, lr 0.00083135  time 0.469255s, mse: 0.01925677
2026-03-22 19:34:49,232 | INFO | algorithm_v1.quantization.qat.flatquant.method | layer 16 lwc lac iter 11, lr 0.00048198  time 0.474218s, mse: 0.01909636
2026-03-22 19:34:49,711 | INFO | algorithm_v1.quantization.qat.flatquant.method | layer 16 lwc lac iter 12, lr 0.00022092  time 0.478900s, mse: 0.01879461
2026-03-22 19:34:50,181 | INFO | algorithm_v1.quantization.qat.flatquant.method | layer 16 lwc lac iter 13, lr 0.00005958  time 0.470037s, mse: 0.01885065
2026-03-22 19:34:50,654 | INFO | algorithm_v1.quantization.qat.flatquant.method | layer 16 lwc lac iter 14, lr 0.00000500  time 0.473117s, mse: 0.01872149
2026-03-22 19:34:50,973 | INFO | algorithm_v1.quantization.qat.flatquant.method | saved paramaters at /home/ma-user/work/algorithm-v1/results-npu/quantization/Qwen2.5-7B-Instruct/flatquant/flatquant_w4a4_seq512/flat_parameters.pth
2026-03-22 19:34:51,577 | INFO | algorithm_v1.quantization.qat.flatquant.method | ========= Layer 17 =========
2026-03-22 19:34:52,251 | INFO | algorithm_v1.quantization.qat.flatquant.method | layer 17 lwc lac iter 0, lr 0.00494542  time 0.508123s, mse: 0.05810183
2026-03-22 19:34:52,731 | INFO | algorithm_v1.quantization.qat.flatquant.method | layer 17 lwc lac iter 1, lr 0.00478408  time 0.479906s, mse: 0.03707366
2026-03-22 19:34:53,198 | INFO | algorithm_v1.quantization.qat.flatquant.method | layer 17 lwc lac iter 2, lr 0.00452302  time 0.466609s, mse: 0.03147637
2026-03-22 19:34:53,669 | INFO | algorithm_v1.quantization.qat.flatquant.method | layer 17 lwc lac iter 3, lr 0.00417365  time 0.471351s, mse: 0.02964131
2026-03-22 19:34:54,157 | INFO | algorithm_v1.quantization.qat.flatquant.method | layer 17 lwc lac iter 4, lr 0.00375125  time 0.487521s, mse: 0.02788472
2026-03-22 19:34:54,633 | INFO | algorithm_v1.quantization.qat.flatquant.method | layer 17 lwc lac iter 5, lr 0.00327427  time 0.475527s, mse: 0.02646301
2026-03-22 19:34:55,104 | INFO | algorithm_v1.quantization.qat.flatquant.method | layer 17 lwc lac iter 6, lr 0.00276356  time 0.471165s, mse: 0.02568515
2026-03-22 19:34:55,572 | INFO | algorithm_v1.quantization.qat.flatquant.method | layer 17 lwc lac iter 7, lr 0.00224144  time 0.467860s, mse: 0.02519760
2026-03-22 19:34:56,045 | INFO | algorithm_v1.quantization.qat.flatquant.method | layer 17 lwc lac iter 8, lr 0.00173073  time 0.472567s, mse: 0.02493413
2026-03-22 19:34:56,513 | INFO | algorithm_v1.quantization.qat.flatquant.method | layer 17 lwc lac iter 9, lr 0.00125375  time 0.468383s, mse: 0.02393994
2026-03-22 19:34:57,001 | INFO | algorithm_v1.quantization.qat.flatquant.method | layer 17 lwc lac iter 10, lr 0.00083135  time 0.487008s, mse: 0.02384878
2026-03-22 19:34:57,472 | INFO | algorithm_v1.quantization.qat.flatquant.method | layer 17 lwc lac iter 11, lr 0.00048198  time 0.471424s, mse: 0.02361008
2026-03-22 19:34:57,942 | INFO | algorithm_v1.quantization.qat.flatquant.method | layer 17 lwc lac iter 12, lr 0.00022092  time 0.469466s, mse: 0.02351294
2026-03-22 19:34:58,420 | INFO | algorithm_v1.quantization.qat.flatquant.method | layer 17 lwc lac iter 13, lr 0.00005958  time 0.477666s, mse: 0.02356003
2026-03-22 19:34:58,897 | INFO | algorithm_v1.quantization.qat.flatquant.method | layer 17 lwc lac iter 14, lr 0.00000500  time 0.477453s, mse: 0.02354215
2026-03-22 19:34:59,233 | INFO | algorithm_v1.quantization.qat.flatquant.method | saved paramaters at /home/ma-user/work/algorithm-v1/results-npu/quantization/Qwen2.5-7B-Instruct/flatquant/flatquant_w4a4_seq512/flat_parameters.pth
2026-03-22 19:34:59,821 | INFO | algorithm_v1.quantization.qat.flatquant.method | ========= Layer 18 =========
2026-03-22 19:35:00,502 | INFO | algorithm_v1.quantization.qat.flatquant.method | layer 18 lwc lac iter 0, lr 0.00494542  time 0.510246s, mse: 0.10252637
2026-03-22 19:35:00,973 | INFO | algorithm_v1.quantization.qat.flatquant.method | layer 18 lwc lac iter 1, lr 0.00478408  time 0.471277s, mse: 0.05625370
2026-03-22 19:35:01,444 | INFO | algorithm_v1.quantization.qat.flatquant.method | layer 18 lwc lac iter 2, lr 0.00452302  time 0.470613s, mse: 0.05051073
2026-03-22 19:35:01,918 | INFO | algorithm_v1.quantization.qat.flatquant.method | layer 18 lwc lac iter 3, lr 0.00417365  time 0.473530s, mse: 0.04652878
2026-03-22 19:35:02,409 | INFO | algorithm_v1.quantization.qat.flatquant.method | layer 18 lwc lac iter 4, lr 0.00375125  time 0.490798s, mse: 0.04371859
2026-03-22 19:35:02,902 | INFO | algorithm_v1.quantization.qat.flatquant.method | layer 18 lwc lac iter 5, lr 0.00327427  time 0.493654s, mse: 0.04164779
2026-03-22 19:35:03,386 | INFO | algorithm_v1.quantization.qat.flatquant.method | layer 18 lwc lac iter 6, lr 0.00276356  time 0.483013s, mse: 0.03959889
2026-03-22 19:35:03,855 | INFO | algorithm_v1.quantization.qat.flatquant.method | layer 18 lwc lac iter 7, lr 0.00224144  time 0.468887s, mse: 0.03821958
2026-03-22 19:35:04,321 | INFO | algorithm_v1.quantization.qat.flatquant.method | layer 18 lwc lac iter 8, lr 0.00173073  time 0.466210s, mse: 0.03757976
2026-03-22 19:35:04,807 | INFO | algorithm_v1.quantization.qat.flatquant.method | layer 18 lwc lac iter 9, lr 0.00125375  time 0.485136s, mse: 0.03696893
2026-03-22 19:35:05,297 | INFO | algorithm_v1.quantization.qat.flatquant.method | layer 18 lwc lac iter 10, lr 0.00083135  time 0.490627s, mse: 0.03645719
2026-03-22 19:35:05,791 | INFO | algorithm_v1.quantization.qat.flatquant.method | layer 18 lwc lac iter 11, lr 0.00048198  time 0.493749s, mse: 0.03588969
2026-03-22 19:35:06,305 | INFO | algorithm_v1.quantization.qat.flatquant.method | layer 18 lwc lac iter 12, lr 0.00022092  time 0.513040s, mse: 0.03576601
2026-03-22 19:35:06,783 | INFO | algorithm_v1.quantization.qat.flatquant.method | layer 18 lwc lac iter 13, lr 0.00005958  time 0.478099s, mse: 0.03532154
2026-03-22 19:35:07,251 | INFO | algorithm_v1.quantization.qat.flatquant.method | layer 18 lwc lac iter 14, lr 0.00000500  time 0.468095s, mse: 0.03535923
2026-03-22 19:35:07,595 | INFO | algorithm_v1.quantization.qat.flatquant.method | saved paramaters at /home/ma-user/work/algorithm-v1/results-npu/quantization/Qwen2.5-7B-Instruct/flatquant/flatquant_w4a4_seq512/flat_parameters.pth
2026-03-22 19:35:08,193 | INFO | algorithm_v1.quantization.qat.flatquant.method | ========= Layer 19 =========
2026-03-22 19:35:08,870 | INFO | algorithm_v1.quantization.qat.flatquant.method | layer 19 lwc lac iter 0, lr 0.00494542  time 0.515138s, mse: 0.12145041
2026-03-22 19:35:09,331 | INFO | algorithm_v1.quantization.qat.flatquant.method | layer 19 lwc lac iter 1, lr 0.00478408  time 0.461103s, mse: 0.07919095
2026-03-22 19:35:09,802 | INFO | algorithm_v1.quantization.qat.flatquant.method | layer 19 lwc lac iter 2, lr 0.00452302  time 0.470402s, mse: 0.07115915
2026-03-22 19:35:10,272 | INFO | algorithm_v1.quantization.qat.flatquant.method | layer 19 lwc lac iter 3, lr 0.00417365  time 0.470277s, mse: 0.06497597
2026-03-22 19:35:10,742 | INFO | algorithm_v1.quantization.qat.flatquant.method | layer 19 lwc lac iter 4, lr 0.00375125  time 0.469433s, mse: 0.06360826
2026-03-22 19:35:11,221 | INFO | algorithm_v1.quantization.qat.flatquant.method | layer 19 lwc lac iter 5, lr 0.00327427  time 0.478710s, mse: 0.05929726
2026-03-22 19:35:11,682 | INFO | algorithm_v1.quantization.qat.flatquant.method | layer 19 lwc lac iter 6, lr 0.00276356  time 0.460610s, mse: 0.05652921
2026-03-22 19:35:12,153 | INFO | algorithm_v1.quantization.qat.flatquant.method | layer 19 lwc lac iter 7, lr 0.00224144  time 0.470880s, mse: 0.05333514
2026-03-22 19:35:12,622 | INFO | algorithm_v1.quantization.qat.flatquant.method | layer 19 lwc lac iter 8, lr 0.00173073  time 0.468948s, mse: 0.05112203
2026-03-22 19:35:13,080 | INFO | algorithm_v1.quantization.qat.flatquant.method | layer 19 lwc lac iter 9, lr 0.00125375  time 0.457662s, mse: 0.05058951
2026-03-22 19:35:13,539 | INFO | algorithm_v1.quantization.qat.flatquant.method | layer 19 lwc lac iter 10, lr 0.00083135  time 0.459386s, mse: 0.05129961
2026-03-22 19:35:14,023 | INFO | algorithm_v1.quantization.qat.flatquant.method | layer 19 lwc lac iter 11, lr 0.00048198  time 0.483734s, mse: 0.04984429
2026-03-22 19:35:14,497 | INFO | algorithm_v1.quantization.qat.flatquant.method | layer 19 lwc lac iter 12, lr 0.00022092  time 0.473407s, mse: 0.04896060
2026-03-22 19:35:14,973 | INFO | algorithm_v1.quantization.qat.flatquant.method | layer 19 lwc lac iter 13, lr 0.00005958  time 0.476488s, mse: 0.04885274
2026-03-22 19:35:15,443 | INFO | algorithm_v1.quantization.qat.flatquant.method | layer 19 lwc lac iter 14, lr 0.00000500  time 0.469748s, mse: 0.04888229
2026-03-22 19:35:15,803 | INFO | algorithm_v1.quantization.qat.flatquant.method | saved paramaters at /home/ma-user/work/algorithm-v1/results-npu/quantization/Qwen2.5-7B-Instruct/flatquant/flatquant_w4a4_seq512/flat_parameters.pth
2026-03-22 19:35:16,381 | INFO | algorithm_v1.quantization.qat.flatquant.method | ========= Layer 20 =========
2026-03-22 19:35:17,049 | INFO | algorithm_v1.quantization.qat.flatquant.method | layer 20 lwc lac iter 0, lr 0.00494542  time 0.494514s, mse: 0.15777922
2026-03-22 19:35:17,507 | INFO | algorithm_v1.quantization.qat.flatquant.method | layer 20 lwc lac iter 1, lr 0.00478408  time 0.457955s, mse: 0.10275048
2026-03-22 19:35:17,972 | INFO | algorithm_v1.quantization.qat.flatquant.method | layer 20 lwc lac iter 2, lr 0.00452302  time 0.464251s, mse: 0.08866632
2026-03-22 19:35:18,443 | INFO | algorithm_v1.quantization.qat.flatquant.method | layer 20 lwc lac iter 3, lr 0.00417365  time 0.470684s, mse: 0.08019333
2026-03-22 19:35:18,905 | INFO | algorithm_v1.quantization.qat.flatquant.method | layer 20 lwc lac iter 4, lr 0.00375125  time 0.461667s, mse: 0.07450804
2026-03-22 19:35:19,384 | INFO | algorithm_v1.quantization.qat.flatquant.method | layer 20 lwc lac iter 5, lr 0.00327427  time 0.478961s, mse: 0.07059193
2026-03-22 19:35:19,880 | INFO | algorithm_v1.quantization.qat.flatquant.method | layer 20 lwc lac iter 6, lr 0.00276356  time 0.496062s, mse: 0.06750199
2026-03-22 19:35:20,377 | INFO | algorithm_v1.quantization.qat.flatquant.method | layer 20 lwc lac iter 7, lr 0.00224144  time 0.496058s, mse: 0.06586424
2026-03-22 19:35:20,843 | INFO | algorithm_v1.quantization.qat.flatquant.method | layer 20 lwc lac iter 8, lr 0.00173073  time 0.466264s, mse: 0.06461103
2026-03-22 19:35:21,315 | INFO | algorithm_v1.quantization.qat.flatquant.method | layer 20 lwc lac iter 9, lr 0.00125375  time 0.471398s, mse: 0.06344160
2026-03-22 19:35:21,780 | INFO | algorithm_v1.quantization.qat.flatquant.method | layer 20 lwc lac iter 10, lr 0.00083135  time 0.464982s, mse: 0.06243357
2026-03-22 19:35:22,246 | INFO | algorithm_v1.quantization.qat.flatquant.method | layer 20 lwc lac iter 11, lr 0.00048198  time 0.465679s, mse: 0.06158830
2026-03-22 19:35:22,733 | INFO | algorithm_v1.quantization.qat.flatquant.method | layer 20 lwc lac iter 12, lr 0.00022092  time 0.486757s, mse: 0.06107866
2026-03-22 19:35:23,214 | INFO | algorithm_v1.quantization.qat.flatquant.method | layer 20 lwc lac iter 13, lr 0.00005958  time 0.480720s, mse: 0.06091299
2026-03-22 19:35:23,678 | INFO | algorithm_v1.quantization.qat.flatquant.method | layer 20 lwc lac iter 14, lr 0.00000500  time 0.464675s, mse: 0.06078972
2026-03-22 19:35:24,051 | INFO | algorithm_v1.quantization.qat.flatquant.method | saved paramaters at /home/ma-user/work/algorithm-v1/results-npu/quantization/Qwen2.5-7B-Instruct/flatquant/flatquant_w4a4_seq512/flat_parameters.pth
2026-03-22 19:35:24,671 | INFO | algorithm_v1.quantization.qat.flatquant.method | ========= Layer 21 =========
2026-03-22 19:35:25,356 | INFO | algorithm_v1.quantization.qat.flatquant.method | layer 21 lwc lac iter 0, lr 0.00494542  time 0.517791s, mse: 0.21647242
2026-03-22 19:35:25,823 | INFO | algorithm_v1.quantization.qat.flatquant.method | layer 21 lwc lac iter 1, lr 0.00478408  time 0.466663s, mse: 0.15396427
2026-03-22 19:35:26,289 | INFO | algorithm_v1.quantization.qat.flatquant.method | layer 21 lwc lac iter 2, lr 0.00452302  time 0.465137s, mse: 0.13401324
2026-03-22 19:35:26,767 | INFO | algorithm_v1.quantization.qat.flatquant.method | layer 21 lwc lac iter 3, lr 0.00417365  time 0.478106s, mse: 0.12111949
2026-03-22 19:35:27,236 | INFO | algorithm_v1.quantization.qat.flatquant.method | layer 21 lwc lac iter 4, lr 0.00375125  time 0.468656s, mse: 0.11289658
2026-03-22 19:35:27,706 | INFO | algorithm_v1.quantization.qat.flatquant.method | layer 21 lwc lac iter 5, lr 0.00327427  time 0.469744s, mse: 0.10666911
2026-03-22 19:35:28,171 | INFO | algorithm_v1.quantization.qat.flatquant.method | layer 21 lwc lac iter 6, lr 0.00276356  time 0.465607s, mse: 0.10225407
2026-03-22 19:35:28,638 | INFO | algorithm_v1.quantization.qat.flatquant.method | layer 21 lwc lac iter 7, lr 0.00224144  time 0.466286s, mse: 0.09973256
2026-03-22 19:35:29,106 | INFO | algorithm_v1.quantization.qat.flatquant.method | layer 21 lwc lac iter 8, lr 0.00173073  time 0.467667s, mse: 0.09745968
2026-03-22 19:35:29,574 | INFO | algorithm_v1.quantization.qat.flatquant.method | layer 21 lwc lac iter 9, lr 0.00125375  time 0.467799s, mse: 0.09597306
2026-03-22 19:35:30,058 | INFO | algorithm_v1.quantization.qat.flatquant.method | layer 21 lwc lac iter 10, lr 0.00083135  time 0.483983s, mse: 0.09430424
2026-03-22 19:35:30,534 | INFO | algorithm_v1.quantization.qat.flatquant.method | layer 21 lwc lac iter 11, lr 0.00048198  time 0.475708s, mse: 0.09362650
2026-03-22 19:35:31,013 | INFO | algorithm_v1.quantization.qat.flatquant.method | layer 21 lwc lac iter 12, lr 0.00022092  time 0.478454s, mse: 0.09258850
2026-03-22 19:35:31,501 | INFO | algorithm_v1.quantization.qat.flatquant.method | layer 21 lwc lac iter 13, lr 0.00005958  time 0.488721s, mse: 0.09218999
2026-03-22 19:35:31,989 | INFO | algorithm_v1.quantization.qat.flatquant.method | layer 21 lwc lac iter 14, lr 0.00000500  time 0.487349s, mse: 0.09205324
2026-03-22 19:35:33,244 | INFO | algorithm_v1.quantization.qat.flatquant.method | saved paramaters at /home/ma-user/work/algorithm-v1/results-npu/quantization/Qwen2.5-7B-Instruct/flatquant/flatquant_w4a4_seq512/flat_parameters.pth
2026-03-22 19:35:33,786 | INFO | algorithm_v1.quantization.qat.flatquant.method | ========= Layer 22 =========
2026-03-22 19:35:34,448 | INFO | algorithm_v1.quantization.qat.flatquant.method | layer 22 lwc lac iter 0, lr 0.00494542  time 0.508719s, mse: 0.32274404
2026-03-22 19:35:34,934 | INFO | algorithm_v1.quantization.qat.flatquant.method | layer 22 lwc lac iter 1, lr 0.00478408  time 0.485722s, mse: 0.22663823
2026-03-22 19:35:35,397 | INFO | algorithm_v1.quantization.qat.flatquant.method | layer 22 lwc lac iter 2, lr 0.00452302  time 0.463117s, mse: 0.19103976
2026-03-22 19:35:35,872 | INFO | algorithm_v1.quantization.qat.flatquant.method | layer 22 lwc lac iter 3, lr 0.00417365  time 0.474792s, mse: 0.17234534
2026-03-22 19:35:36,354 | INFO | algorithm_v1.quantization.qat.flatquant.method | layer 22 lwc lac iter 4, lr 0.00375125  time 0.481515s, mse: 0.16041508
2026-03-22 19:35:36,823 | INFO | algorithm_v1.quantization.qat.flatquant.method | layer 22 lwc lac iter 5, lr 0.00327427  time 0.468826s, mse: 0.15166071
2026-03-22 19:35:37,291 | INFO | algorithm_v1.quantization.qat.flatquant.method | layer 22 lwc lac iter 6, lr 0.00276356  time 0.467618s, mse: 0.14596847
2026-03-22 19:35:37,756 | INFO | algorithm_v1.quantization.qat.flatquant.method | layer 22 lwc lac iter 7, lr 0.00224144  time 0.465212s, mse: 0.14022657
2026-03-22 19:35:38,224 | INFO | algorithm_v1.quantization.qat.flatquant.method | layer 22 lwc lac iter 8, lr 0.00173073  time 0.466929s, mse: 0.13679726
2026-03-22 19:35:38,691 | INFO | algorithm_v1.quantization.qat.flatquant.method | layer 22 lwc lac iter 9, lr 0.00125375  time 0.467683s, mse: 0.13376120
2026-03-22 19:35:39,161 | INFO | algorithm_v1.quantization.qat.flatquant.method | layer 22 lwc lac iter 10, lr 0.00083135  time 0.469171s, mse: 0.13202016
2026-03-22 19:35:39,648 | INFO | algorithm_v1.quantization.qat.flatquant.method | layer 22 lwc lac iter 11, lr 0.00048198  time 0.487398s, mse: 0.13053808
2026-03-22 19:35:40,129 | INFO | algorithm_v1.quantization.qat.flatquant.method | layer 22 lwc lac iter 12, lr 0.00022092  time 0.480442s, mse: 0.12965733
2026-03-22 19:35:40,600 | INFO | algorithm_v1.quantization.qat.flatquant.method | layer 22 lwc lac iter 13, lr 0.00005958  time 0.470217s, mse: 0.12910479
2026-03-22 19:35:41,073 | INFO | algorithm_v1.quantization.qat.flatquant.method | layer 22 lwc lac iter 14, lr 0.00000500  time 0.472796s, mse: 0.12886992
2026-03-22 19:35:41,448 | INFO | algorithm_v1.quantization.qat.flatquant.method | saved paramaters at /home/ma-user/work/algorithm-v1/results-npu/quantization/Qwen2.5-7B-Instruct/flatquant/flatquant_w4a4_seq512/flat_parameters.pth
2026-03-22 19:35:42,084 | INFO | algorithm_v1.quantization.qat.flatquant.method | ========= Layer 23 =========
2026-03-22 19:35:42,683 | INFO | algorithm_v1.quantization.qat.flatquant.method | layer 23 lwc lac iter 0, lr 0.00494542  time 0.512329s, mse: 0.41267288
2026-03-22 19:35:43,162 | INFO | algorithm_v1.quantization.qat.flatquant.method | layer 23 lwc lac iter 1, lr 0.00478408  time 0.478795s, mse: 0.28477064
2026-03-22 19:35:43,627 | INFO | algorithm_v1.quantization.qat.flatquant.method | layer 23 lwc lac iter 2, lr 0.00452302  time 0.465279s, mse: 0.23966342
2026-03-22 19:35:44,107 | INFO | algorithm_v1.quantization.qat.flatquant.method | layer 23 lwc lac iter 3, lr 0.00417365  time 0.479649s, mse: 0.21619910
2026-03-22 19:35:44,595 | INFO | algorithm_v1.quantization.qat.flatquant.method | layer 23 lwc lac iter 4, lr 0.00375125  time 0.487497s, mse: 0.20066169
2026-03-22 19:35:45,062 | INFO | algorithm_v1.quantization.qat.flatquant.method | layer 23 lwc lac iter 5, lr 0.00327427  time 0.467022s, mse: 0.19118604
2026-03-22 19:35:45,543 | INFO | algorithm_v1.quantization.qat.flatquant.method | layer 23 lwc lac iter 6, lr 0.00276356  time 0.481043s, mse: 0.18413791
2026-03-22 19:35:46,013 | INFO | algorithm_v1.quantization.qat.flatquant.method | layer 23 lwc lac iter 7, lr 0.00224144  time 0.469905s, mse: 0.17904058
2026-03-22 19:35:46,492 | INFO | algorithm_v1.quantization.qat.flatquant.method | layer 23 lwc lac iter 8, lr 0.00173073  time 0.478358s, mse: 0.17583255
2026-03-22 19:35:46,962 | INFO | algorithm_v1.quantization.qat.flatquant.method | layer 23 lwc lac iter 9, lr 0.00125375  time 0.469513s, mse: 0.17278780
2026-03-22 19:35:47,444 | INFO | algorithm_v1.quantization.qat.flatquant.method | layer 23 lwc lac iter 10, lr 0.00083135  time 0.481931s, mse: 0.16970792
2026-03-22 19:35:47,911 | INFO | algorithm_v1.quantization.qat.flatquant.method | layer 23 lwc lac iter 11, lr 0.00048198  time 0.467531s, mse: 0.16819204
2026-03-22 19:35:48,380 | INFO | algorithm_v1.quantization.qat.flatquant.method | layer 23 lwc lac iter 12, lr 0.00022092  time 0.468892s, mse: 0.16653553
2026-03-22 19:35:48,857 | INFO | algorithm_v1.quantization.qat.flatquant.method | layer 23 lwc lac iter 13, lr 0.00005958  time 0.475965s, mse: 0.16615681
2026-03-22 19:35:49,328 | INFO | algorithm_v1.quantization.qat.flatquant.method | layer 23 lwc lac iter 14, lr 0.00000500  time 0.471220s, mse: 0.16563094
2026-03-22 19:35:49,723 | INFO | algorithm_v1.quantization.qat.flatquant.method | saved paramaters at /home/ma-user/work/algorithm-v1/results-npu/quantization/Qwen2.5-7B-Instruct/flatquant/flatquant_w4a4_seq512/flat_parameters.pth
2026-03-22 19:35:50,286 | INFO | algorithm_v1.quantization.qat.flatquant.method | ========= Layer 24 =========
2026-03-22 19:35:50,988 | INFO | algorithm_v1.quantization.qat.flatquant.method | layer 24 lwc lac iter 0, lr 0.00494542  time 0.531148s, mse: 0.51921415
2026-03-22 19:35:51,465 | INFO | algorithm_v1.quantization.qat.flatquant.method | layer 24 lwc lac iter 1, lr 0.00478408  time 0.477243s, mse: 0.36952287
2026-03-22 19:35:51,943 | INFO | algorithm_v1.quantization.qat.flatquant.method | layer 24 lwc lac iter 2, lr 0.00452302  time 0.477115s, mse: 0.31911239
2026-03-22 19:35:52,434 | INFO | algorithm_v1.quantization.qat.flatquant.method | layer 24 lwc lac iter 3, lr 0.00417365  time 0.491256s, mse: 0.29168791
2026-03-22 19:35:52,898 | INFO | algorithm_v1.quantization.qat.flatquant.method | layer 24 lwc lac iter 4, lr 0.00375125  time 0.463956s, mse: 0.27534911
2026-03-22 19:35:53,384 | INFO | algorithm_v1.quantization.qat.flatquant.method | layer 24 lwc lac iter 5, lr 0.00327427  time 0.485683s, mse: 0.26369327
2026-03-22 19:35:53,844 | INFO | algorithm_v1.quantization.qat.flatquant.method | layer 24 lwc lac iter 6, lr 0.00276356  time 0.459511s, mse: 0.25623822
2026-03-22 19:35:54,310 | INFO | algorithm_v1.quantization.qat.flatquant.method | layer 24 lwc lac iter 7, lr 0.00224144  time 0.466293s, mse: 0.24886917
2026-03-22 19:35:54,798 | INFO | algorithm_v1.quantization.qat.flatquant.method | layer 24 lwc lac iter 8, lr 0.00173073  time 0.487055s, mse: 0.24405900
2026-03-22 19:35:55,273 | INFO | algorithm_v1.quantization.qat.flatquant.method | layer 24 lwc lac iter 9, lr 0.00125375  time 0.474966s, mse: 0.23977073
2026-03-22 19:35:55,734 | INFO | algorithm_v1.quantization.qat.flatquant.method | layer 24 lwc lac iter 10, lr 0.00083135  time 0.460602s, mse: 0.23575638
2026-03-22 19:35:56,225 | INFO | algorithm_v1.quantization.qat.flatquant.method | layer 24 lwc lac iter 11, lr 0.00048198  time 0.491238s, mse: 0.23418343
2026-03-22 19:35:56,691 | INFO | algorithm_v1.quantization.qat.flatquant.method | layer 24 lwc lac iter 12, lr 0.00022092  time 0.465711s, mse: 0.23273003
2026-03-22 19:35:57,152 | INFO | algorithm_v1.quantization.qat.flatquant.method | layer 24 lwc lac iter 13, lr 0.00005958  time 0.460709s, mse: 0.23183805
2026-03-22 19:35:57,622 | INFO | algorithm_v1.quantization.qat.flatquant.method | layer 24 lwc lac iter 14, lr 0.00000500  time 0.469918s, mse: 0.23107533
2026-03-22 19:35:58,019 | INFO | algorithm_v1.quantization.qat.flatquant.method | saved paramaters at /home/ma-user/work/algorithm-v1/results-npu/quantization/Qwen2.5-7B-Instruct/flatquant/flatquant_w4a4_seq512/flat_parameters.pth
2026-03-22 19:35:58,609 | INFO | algorithm_v1.quantization.qat.flatquant.method | ========= Layer 25 =========
2026-03-22 19:35:59,281 | INFO | algorithm_v1.quantization.qat.flatquant.method | layer 25 lwc lac iter 0, lr 0.00494542  time 0.496917s, mse: 1.45688224
2026-03-22 19:35:59,773 | INFO | algorithm_v1.quantization.qat.flatquant.method | layer 25 lwc lac iter 1, lr 0.00478408  time 0.492614s, mse: 0.88154924
2026-03-22 19:36:00,262 | INFO | algorithm_v1.quantization.qat.flatquant.method | layer 25 lwc lac iter 2, lr 0.00452302  time 0.487931s, mse: 0.72400576
2026-03-22 19:36:00,742 | INFO | algorithm_v1.quantization.qat.flatquant.method | layer 25 lwc lac iter 3, lr 0.00417365  time 0.480209s, mse: 0.64355981
2026-03-22 19:36:01,203 | INFO | algorithm_v1.quantization.qat.flatquant.method | layer 25 lwc lac iter 4, lr 0.00375125  time 0.460595s, mse: 0.59981877
2026-03-22 19:36:01,669 | INFO | algorithm_v1.quantization.qat.flatquant.method | layer 25 lwc lac iter 5, lr 0.00327427  time 0.465670s, mse: 0.55346274
2026-03-22 19:36:02,152 | INFO | algorithm_v1.quantization.qat.flatquant.method | layer 25 lwc lac iter 6, lr 0.00276356  time 0.483097s, mse: 0.53200531
2026-03-22 19:36:02,621 | INFO | algorithm_v1.quantization.qat.flatquant.method | layer 25 lwc lac iter 7, lr 0.00224144  time 0.468966s, mse: 0.51728821
2026-03-22 19:36:03,085 | INFO | algorithm_v1.quantization.qat.flatquant.method | layer 25 lwc lac iter 8, lr 0.00173073  time 0.463494s, mse: 0.49328157
2026-03-22 19:36:03,558 | INFO | algorithm_v1.quantization.qat.flatquant.method | layer 25 lwc lac iter 9, lr 0.00125375  time 0.472636s, mse: 0.47953248
2026-03-22 19:36:04,034 | INFO | algorithm_v1.quantization.qat.flatquant.method | layer 25 lwc lac iter 10, lr 0.00083135  time 0.476181s, mse: 0.47661859
2026-03-22 19:36:04,497 | INFO | algorithm_v1.quantization.qat.flatquant.method | layer 25 lwc lac iter 11, lr 0.00048198  time 0.463121s, mse: 0.46787739
2026-03-22 19:36:04,971 | INFO | algorithm_v1.quantization.qat.flatquant.method | layer 25 lwc lac iter 12, lr 0.00022092  time 0.473049s, mse: 0.46115181
2026-03-22 19:36:05,437 | INFO | algorithm_v1.quantization.qat.flatquant.method | layer 25 lwc lac iter 13, lr 0.00005958  time 0.466605s, mse: 0.45755476
2026-03-22 19:36:05,915 | INFO | algorithm_v1.quantization.qat.flatquant.method | layer 25 lwc lac iter 14, lr 0.00000500  time 0.477867s, mse: 0.45597136
2026-03-22 19:36:06,329 | INFO | algorithm_v1.quantization.qat.flatquant.method | saved paramaters at /home/ma-user/work/algorithm-v1/results-npu/quantization/Qwen2.5-7B-Instruct/flatquant/flatquant_w4a4_seq512/flat_parameters.pth
2026-03-22 19:36:06,919 | INFO | algorithm_v1.quantization.qat.flatquant.method | ========= Layer 26 =========
2026-03-22 19:36:07,594 | INFO | algorithm_v1.quantization.qat.flatquant.method | layer 26 lwc lac iter 0, lr 0.00494542  time 0.511410s, mse: 10.81684685
2026-03-22 19:36:08,057 | INFO | algorithm_v1.quantization.qat.flatquant.method | layer 26 lwc lac iter 1, lr 0.00478408  time 0.462248s, mse: 7.35741425
2026-03-22 19:36:08,529 | INFO | algorithm_v1.quantization.qat.flatquant.method | layer 26 lwc lac iter 2, lr 0.00452302  time 0.472176s, mse: 4.70123482
2026-03-22 19:36:08,992 | INFO | algorithm_v1.quantization.qat.flatquant.method | layer 26 lwc lac iter 3, lr 0.00417365  time 0.463219s, mse: 3.65859413
2026-03-22 19:36:09,468 | INFO | algorithm_v1.quantization.qat.flatquant.method | layer 26 lwc lac iter 4, lr 0.00375125  time 0.475785s, mse: 2.94022679
2026-03-22 19:36:09,935 | INFO | algorithm_v1.quantization.qat.flatquant.method | layer 26 lwc lac iter 5, lr 0.00327427  time 0.466109s, mse: 2.66565394
2026-03-22 19:36:10,422 | INFO | algorithm_v1.quantization.qat.flatquant.method | layer 26 lwc lac iter 6, lr 0.00276356  time 0.486617s, mse: 2.14212513
2026-03-22 19:36:10,901 | INFO | algorithm_v1.quantization.qat.flatquant.method | layer 26 lwc lac iter 7, lr 0.00224144  time 0.479099s, mse: 1.88084817
2026-03-22 19:36:11,371 | INFO | algorithm_v1.quantization.qat.flatquant.method | layer 26 lwc lac iter 8, lr 0.00173073  time 0.470055s, mse: 1.71991241
2026-03-22 19:36:11,845 | INFO | algorithm_v1.quantization.qat.flatquant.method | layer 26 lwc lac iter 9, lr 0.00125375  time 0.473770s, mse: 1.63677537
2026-03-22 19:36:12,324 | INFO | algorithm_v1.quantization.qat.flatquant.method | layer 26 lwc lac iter 10, lr 0.00083135  time 0.478667s, mse: 1.52709794
2026-03-22 19:36:12,790 | INFO | algorithm_v1.quantization.qat.flatquant.method | layer 26 lwc lac iter 11, lr 0.00048198  time 0.465610s, mse: 1.44223154
2026-03-22 19:36:13,261 | INFO | algorithm_v1.quantization.qat.flatquant.method | layer 26 lwc lac iter 12, lr 0.00022092  time 0.470610s, mse: 1.39564967
2026-03-22 19:36:13,726 | INFO | algorithm_v1.quantization.qat.flatquant.method | layer 26 lwc lac iter 13, lr 0.00005958  time 0.465204s, mse: 1.37349689
2026-03-22 19:36:14,189 | INFO | algorithm_v1.quantization.qat.flatquant.method | layer 26 lwc lac iter 14, lr 0.00000500  time 0.462521s, mse: 1.36043751
2026-03-22 19:36:14,611 | INFO | algorithm_v1.quantization.qat.flatquant.method | saved paramaters at /home/ma-user/work/algorithm-v1/results-npu/quantization/Qwen2.5-7B-Instruct/flatquant/flatquant_w4a4_seq512/flat_parameters.pth
2026-03-22 19:36:15,184 | INFO | algorithm_v1.quantization.qat.flatquant.method | ========= Layer 27 =========
2026-03-22 19:36:15,857 | INFO | algorithm_v1.quantization.qat.flatquant.method | layer 27 lwc lac iter 0, lr 0.00494542  time 0.504329s, mse: 471.94360352
2026-03-22 19:36:16,353 | INFO | algorithm_v1.quantization.qat.flatquant.method | layer 27 lwc lac iter 1, lr 0.00478408  time 0.495167s, mse: 28.08404160
2026-03-22 19:36:16,813 | INFO | algorithm_v1.quantization.qat.flatquant.method | layer 27 lwc lac iter 2, lr 0.00452302  time 0.459717s, mse: 21.95460129
2026-03-22 19:36:17,276 | INFO | algorithm_v1.quantization.qat.flatquant.method | layer 27 lwc lac iter 3, lr 0.00417365  time 0.463427s, mse: 15.99606133
2026-03-22 19:36:17,751 | INFO | algorithm_v1.quantization.qat.flatquant.method | layer 27 lwc lac iter 4, lr 0.00375125  time 0.474692s, mse: 13.24594879
2026-03-22 19:36:18,230 | INFO | algorithm_v1.quantization.qat.flatquant.method | layer 27 lwc lac iter 5, lr 0.00327427  time 0.478909s, mse: 16.28173637
2026-03-22 19:36:18,712 | INFO | algorithm_v1.quantization.qat.flatquant.method | layer 27 lwc lac iter 6, lr 0.00276356  time 0.481487s, mse: 14.44976044
2026-03-22 19:36:19,186 | INFO | algorithm_v1.quantization.qat.flatquant.method | layer 27 lwc lac iter 7, lr 0.00224144  time 0.474217s, mse: 18.67869377
2026-03-22 19:36:19,658 | INFO | algorithm_v1.quantization.qat.flatquant.method | layer 27 lwc lac iter 8, lr 0.00173073  time 0.471089s, mse: 11.18508720
2026-03-22 19:36:20,133 | INFO | algorithm_v1.quantization.qat.flatquant.method | layer 27 lwc lac iter 9, lr 0.00125375  time 0.475268s, mse: 13.14699364
2026-03-22 19:36:20,597 | INFO | algorithm_v1.quantization.qat.flatquant.method | layer 27 lwc lac iter 10, lr 0.00083135  time 0.463264s, mse: 13.35902596
2026-03-22 19:36:21,083 | INFO | algorithm_v1.quantization.qat.flatquant.method | layer 27 lwc lac iter 11, lr 0.00048198  time 0.485909s, mse: 11.98897648
2026-03-22 19:36:21,570 | INFO | algorithm_v1.quantization.qat.flatquant.method | layer 27 lwc lac iter 12, lr 0.00022092  time 0.487288s, mse: 16.28705597
2026-03-22 19:36:22,049 | INFO | algorithm_v1.quantization.qat.flatquant.method | layer 27 lwc lac iter 13, lr 0.00005958  time 0.478526s, mse: 13.03061485
2026-03-22 19:36:22,522 | INFO | algorithm_v1.quantization.qat.flatquant.method | layer 27 lwc lac iter 14, lr 0.00000500  time 0.472908s, mse: 12.75969791
2026-03-22 19:36:22,932 | INFO | algorithm_v1.quantization.qat.flatquant.method | saved paramaters at /home/ma-user/work/algorithm-v1/results-npu/quantization/Qwen2.5-7B-Instruct/flatquant/flatquant_w4a4_seq512/flat_parameters.pth
2026-03-22 19:40:48,503 | INFO | algorithm_v1.quantization.qat.flatquant.method | Reparameterized FlatQuant model
(RtN Quant.) Layers:   0%|          | 0/28 [00:00<?, ?it/s](RtN Quant.) Layers:   4%|▎         | 1/28 [00:00<00:14,  1.81it/s](RtN Quant.) Layers:   7%|▋         | 2/28 [00:01<00:13,  1.95it/s](RtN Quant.) Layers:  11%|█         | 3/28 [00:01<00:12,  1.95it/s](RtN Quant.) Layers:  14%|█▍        | 4/28 [00:01<00:11,  2.06it/s](RtN Quant.) Layers:  18%|█▊        | 5/28 [00:02<00:11,  2.04it/s](RtN Quant.) Layers:  21%|██▏       | 6/28 [00:02<00:10,  2.06it/s](RtN Quant.) Layers:  25%|██▌       | 7/28 [00:03<00:09,  2.15it/s](RtN Quant.) Layers:  29%|██▊       | 8/28 [00:03<00:09,  2.17it/s](RtN Quant.) Layers:  32%|███▏      | 9/28 [00:04<00:08,  2.24it/s](RtN Quant.) Layers:  36%|███▌      | 10/28 [00:04<00:08,  2.18it/s](RtN Quant.) Layers:  39%|███▉      | 11/28 [00:05<00:07,  2.15it/s](RtN Quant.) Layers:  43%|████▎     | 12/28 [00:05<00:07,  2.13it/s](RtN Quant.) Layers:  46%|████▋     | 13/28 [00:06<00:06,  2.18it/s](RtN Quant.) Layers:  50%|█████     | 14/28 [00:06<00:06,  2.16it/s](RtN Quant.) Layers:  54%|█████▎    | 15/28 [00:07<00:06,  2.16it/s](RtN Quant.) Layers:  57%|█████▋    | 16/28 [00:07<00:05,  2.13it/s](RtN Quant.) Layers:  61%|██████    | 17/28 [00:08<00:05,  2.14it/s](RtN Quant.) Layers:  64%|██████▍   | 18/28 [00:08<00:04,  2.14it/s](RtN Quant.) Layers:  68%|██████▊   | 19/28 [00:08<00:04,  2.12it/s](RtN Quant.) Layers:  71%|███████▏  | 20/28 [00:09<00:03,  2.10it/s](RtN Quant.) Layers:  75%|███████▌  | 21/28 [00:09<00:03,  2.12it/s](RtN Quant.) Layers:  79%|███████▊  | 22/28 [00:10<00:02,  2.12it/s](RtN Quant.) Layers:  82%|████████▏ | 23/28 [00:10<00:02,  2.08it/s](RtN Quant.) Layers:  86%|████████▌ | 24/28 [00:11<00:01,  2.14it/s](RtN Quant.) Layers:  89%|████████▉ | 25/28 [00:11<00:01,  2.13it/s](RtN Quant.) Layers:  93%|█████████▎| 26/28 [00:12<00:00,  2.17it/s](RtN Quant.) Layers:  96%|█████████▋| 27/28 [00:12<00:00,  2.19it/s](RtN Quant.) Layers: 100%|██████████| 28/28 [00:13<00:00,  2.32it/s](RtN Quant.) Layers: 100%|██████████| 28/28 [00:13<00:00,  2.14it/s]
2026-03-22 19:41:02,219 | INFO | root | GPU memory (from rtn_fwrd): 0.13 -> 0.13 GB (-0.00 GB)
{
  "algorithm_name": "flatquant",
  "model_path": "/home/ma-user/work/models/Qwen2.5-7B-Instruct",
  "output_dir": "/home/ma-user/work/algorithm-v1/results-npu/quantization/Qwen2.5-7B-Instruct/flatquant/flatquant_w4a4_seq512",
  "metrics_path": "/home/ma-user/work/algorithm-v1/results-npu/quantization/Qwen2.5-7B-Instruct/flatquant/flatquant_w4a4_seq512/metrics.json",
  "metrics": {
    "perplexity": 4238.604177975057,
    "evaluation_dataset": "wikitext2",
    "sequence_length": 512,
    "evaluated_chunks": 64,
    "batch_size": 1,
    "elapsed_seconds": 28.650312669575214,
    "tokens_per_second": 1141.4884150541764,
    "algorithm_name": "flatquant",
    "model_path": "/home/ma-user/work/models/Qwen2.5-7B-Instruct",
    "device": "npu:0",
    "dtype": "float16"
  },
  "artifacts": {
    "source_root": "/home/ma-user/work/algorithm-v1/algorithm_v1/quantization/qat/flatquant/source",
    "flatquant_config": {
      "weight_bits": 4,
      "activation_bits": 4,
      "query_bits": 16,
      "key_bits": 4,
      "value_bits": 4,
      "calibration_samples": 4,
      "calibration_batch_size": 4,
      "epochs": 15,
      "flat_lr": 0.005,
      "lwc": true,
      "lac": true,
      "cali_trans": true,
      "add_diag": true,
      "weight_quantizer": "rtn"
    },
    "quantized_linear_count": 196,
    "quantized_linear_layers": {
      "model.layers.0.self_attn.q_proj.linear": {
        "bits": 4,
        "group_size": -1,
        "symmetric": true
      },
      "model.layers.0.self_attn.k_proj.linear": {
        "bits": 4,
        "group_size": -1,
        "symmetric": true
      },
      "model.layers.0.self_attn.v_proj.linear": {
        "bits": 4,
        "group_size": -1,
        "symmetric": true
      },
      "model.layers.0.self_attn.o_proj.linear": {
        "bits": 4,
        "group_size": -1,
        "symmetric": true
      },
      "model.layers.0.mlp.up_proj.linear": {
        "bits": 4,
        "group_size": -1,
        "symmetric": true
      },
      "model.layers.0.mlp.gate_proj.linear": {
        "bits": 4,
        "group_size": -1,
        "symmetric": true
      },
      "model.layers.0.mlp.down_proj.linear": {
        "bits": 4,
        "group_size": -1,
        "symmetric": true
      },
      "model.layers.1.self_attn.q_proj.linear": {
        "bits": 4,
        "group_size": -1,
        "symmetric": true
      },
      "model.layers.1.self_attn.k_proj.linear": {
        "bits": 4,
        "group_size": -1,
        "symmetric": true
      },
      "model.layers.1.self_attn.v_proj.linear": {
        "bits": 4,
        "group_size": -1,
        "symmetric": true
      },
      "model.layers.1.self_attn.o_proj.linear": {
        "bits": 4,
        "group_size": -1,
        "symmetric": true
      },
      "model.layers.1.mlp.up_proj.linear": {
        "bits": 4,
        "group_size": -1,
        "symmetric": true
      },
      "model.layers.1.mlp.gate_proj.linear": {
        "bits": 4,
        "group_size": -1,
        "symmetric": true
      },
      "model.layers.1.mlp.down_proj.linear": {
        "bits": 4,
        "group_size": -1,
        "symmetric": true
      },
      "model.layers.2.self_attn.q_proj.linear": {
        "bits": 4,
        "group_size": -1,
        "symmetric": true
      },
      "model.layers.2.self_attn.k_proj.linear": {
        "bits": 4,
        "group_size": -1,
        "symmetric": true
      },
      "model.layers.2.self_attn.v_proj.linear": {
        "bits": 4,
        "group_size": -1,
        "symmetric": true
      },
      "model.layers.2.self_attn.o_proj.linear": {
        "bits": 4,
        "group_size": -1,
        "symmetric": true
      },
      "model.layers.2.mlp.up_proj.linear": {
        "bits": 4,
        "group_size": -1,
        "symmetric": true
      },
      "model.layers.2.mlp.gate_proj.linear": {
        "bits": 4,
        "group_size": -1,
        "symmetric": true
      },
      "model.layers.2.mlp.down_proj.linear": {
        "bits": 4,
        "group_size": -1,
        "symmetric": true
      },
      "model.layers.3.self_attn.q_proj.linear": {
        "bits": 4,
        "group_size": -1,
        "symmetric": true
      },
      "model.layers.3.self_attn.k_proj.linear": {
        "bits": 4,
        "group_size": -1,
        "symmetric": true
      },
      "model.layers.3.self_attn.v_proj.linear": {
        "bits": 4,
        "group_size": -1,
        "symmetric": true
      },
      "model.layers.3.self_attn.o_proj.linear": {
        "bits": 4,
        "group_size": -1,
        "symmetric": true
      },
      "model.layers.3.mlp.up_proj.linear": {
        "bits": 4,
        "group_size": -1,
        "symmetric": true
      },
      "model.layers.3.mlp.gate_proj.linear": {
        "bits": 4,
        "group_size": -1,
        "symmetric": true
      },
      "model.layers.3.mlp.down_proj.linear": {
        "bits": 4,
        "group_size": -1,
        "symmetric": true
      },
      "model.layers.4.self_attn.q_proj.linear": {
        "bits": 4,
        "group_size": -1,
        "symmetric": true
      },
      "model.layers.4.self_attn.k_proj.linear": {
        "bits": 4,
        "group_size": -1,
        "symmetric": true
      },
      "model.layers.4.self_attn.v_proj.linear": {
        "bits": 4,
        "group_size": -1,
        "symmetric": true
      },
      "model.layers.4.self_attn.o_proj.linear": {
        "bits": 4,
        "group_size": -1,
        "symmetric": true
      },
      "model.layers.4.mlp.up_proj.linear": {
        "bits": 4,
        "group_size": -1,
        "symmetric": true
      },
      "model.layers.4.mlp.gate_proj.linear": {
        "bits": 4,
        "group_size": -1,
        "symmetric": true
      },
      "model.layers.4.mlp.down_proj.linear": {
        "bits": 4,
        "group_size": -1,
        "symmetric": true
      },
      "model.layers.5.self_attn.q_proj.linear": {
        "bits": 4,
        "group_size": -1,
        "symmetric": true
      },
      "model.layers.5.self_attn.k_proj.linear": {
        "bits": 4,
        "group_size": -1,
        "symmetric": true
      },
      "model.layers.5.self_attn.v_proj.linear": {
        "bits": 4,
        "group_size": -1,
        "symmetric": true
      },
      "model.layers.5.self_attn.o_proj.linear": {
        "bits": 4,
        "group_size": -1,
        "symmetric": true
      },
      "model.layers.5.mlp.up_proj.linear": {
        "bits": 4,
        "group_size": -1,
        "symmetric": true
      },
      "model.layers.5.mlp.gate_proj.linear": {
        "bits": 4,
        "group_size": -1,
        "symmetric": true
      },
      "model.layers.5.mlp.down_proj.linear": {
        "bits": 4,
        "group_size": -1,
        "symmetric": true
      },
      "model.layers.6.self_attn.q_proj.linear": {
        "bits": 4,
        "group_size": -1,
        "symmetric": true
      },
      "model.layers.6.self_attn.k_proj.linear": {
        "bits": 4,
        "group_size": -1,
        "symmetric": true
      },
      "model.layers.6.self_attn.v_proj.linear": {
        "bits": 4,
        "group_size": -1,
        "symmetric": true
      },
      "model.layers.6.self_attn.o_proj.linear": {
        "bits": 4,
        "group_size": -1,
        "symmetric": true
      },
      "model.layers.6.mlp.up_proj.linear": {
        "bits": 4,
        "group_size": -1,
        "symmetric": true
      },
      "model.layers.6.mlp.gate_proj.linear": {
        "bits": 4,
        "group_size": -1,
        "symmetric": true
      },
      "model.layers.6.mlp.down_proj.linear": {
        "bits": 4,
        "group_size": -1,
        "symmetric": true
      },
      "model.layers.7.self_attn.q_proj.linear": {
        "bits": 4,
        "group_size": -1,
        "symmetric": true
      },
      "model.layers.7.self_attn.k_proj.linear": {
        "bits": 4,
        "group_size": -1,
        "symmetric": true
      },
      "model.layers.7.self_attn.v_proj.linear": {
        "bits": 4,
        "group_size": -1,
        "symmetric": true
      },
      "model.layers.7.self_attn.o_proj.linear": {
        "bits": 4,
        "group_size": -1,
        "symmetric": true
      },
      "model.layers.7.mlp.up_proj.linear": {
        "bits": 4,
        "group_size": -1,
        "symmetric": true
      },
      "model.layers.7.mlp.gate_proj.linear": {
        "bits": 4,
        "group_size": -1,
        "symmetric": true
      },
      "model.layers.7.mlp.down_proj.linear": {
        "bits": 4,
        "group_size": -1,
        "symmetric": true
      },
      "model.layers.8.self_attn.q_proj.linear": {
        "bits": 4,
        "group_size": -1,
        "symmetric": true
      },
      "model.layers.8.self_attn.k_proj.linear": {
        "bits": 4,
        "group_size": -1,
        "symmetric": true
      },
      "model.layers.8.self_attn.v_proj.linear": {
        "bits": 4,
        "group_size": -1,
        "symmetric": true
      },
      "model.layers.8.self_attn.o_proj.linear": {
        "bits": 4,
        "group_size": -1,
        "symmetric": true
      },
      "model.layers.8.mlp.up_proj.linear": {
        "bits": 4,
        "group_size": -1,
        "symmetric": true
      },
      "model.layers.8.mlp.gate_proj.linear": {
        "bits": 4,
        "group_size": -1,
        "symmetric": true
      },
      "model.layers.8.mlp.down_proj.linear": {
        "bits": 4,
        "group_size": -1,
        "symmetric": true
      },
      "model.layers.9.self_attn.q_proj.linear": {
        "bits": 4,
        "group_size": -1,
        "symmetric": true
      },
      "model.layers.9.self_attn.k_proj.linear": {
        "bits": 4,
        "group_size": -1,
        "symmetric": true
      },
      "model.layers.9.self_attn.v_proj.linear": {
        "bits": 4,
        "group_size": -1,
        "symmetric": true
      },
      "model.layers.9.self_attn.o_proj.linear": {
        "bits": 4,
        "group_size": -1,
        "symmetric": true
      },
      "model.layers.9.mlp.up_proj.linear": {
        "bits": 4,
        "group_size": -1,
        "symmetric": true
      },
      "model.layers.9.mlp.gate_proj.linear": {
        "bits": 4,
        "group_size": -1,
        "symmetric": true
      },
      "model.layers.9.mlp.down_proj.linear": {
        "bits": 4,
        "group_size": -1,
        "symmetric": true
      },
      "model.layers.10.self_attn.q_proj.linear": {
        "bits": 4,
        "group_size": -1,
        "symmetric": true
      },
      "model.layers.10.self_attn.k_proj.linear": {
        "bits": 4,
        "group_size": -1,
        "symmetric": true
      },
      "model.layers.10.self_attn.v_proj.linear": {
        "bits": 4,
        "group_size": -1,
        "symmetric": true
      },
      "model.layers.10.self_attn.o_proj.linear": {
        "bits": 4,
        "group_size": -1,
        "symmetric": true
      },
      "model.layers.10.mlp.up_proj.linear": {
        "bits": 4,
        "group_size": -1,
        "symmetric": true
      },
      "model.layers.10.mlp.gate_proj.linear": {
        "bits": 4,
        "group_size": -1,
        "symmetric": true
      },
      "model.layers.10.mlp.down_proj.linear": {
        "bits": 4,
        "group_size": -1,
        "symmetric": true
      },
      "model.layers.11.self_attn.q_proj.linear": {
        "bits": 4,
        "group_size": -1,
        "symmetric": true
      },
      "model.layers.11.self_attn.k_proj.linear": {
        "bits": 4,
        "group_size": -1,
        "symmetric": true
      },
      "model.layers.11.self_attn.v_proj.linear": {
        "bits": 4,
        "group_size": -1,
        "symmetric": true
      },
      "model.layers.11.self_attn.o_proj.linear": {
        "bits": 4,
        "group_size": -1,
        "symmetric": true
      },
      "model.layers.11.mlp.up_proj.linear": {
        "bits": 4,
        "group_size": -1,
        "symmetric": true
      },
      "model.layers.11.mlp.gate_proj.linear": {
        "bits": 4,
        "group_size": -1,
        "symmetric": true
      },
      "model.layers.11.mlp.down_proj.linear": {
        "bits": 4,
        "group_size": -1,
        "symmetric": true
      },
      "model.layers.12.self_attn.q_proj.linear": {
        "bits": 4,
        "group_size": -1,
        "symmetric": true
      },
      "model.layers.12.self_attn.k_proj.linear": {
        "bits": 4,
        "group_size": -1,
        "symmetric": true
      },
      "model.layers.12.self_attn.v_proj.linear": {
        "bits": 4,
        "group_size": -1,
        "symmetric": true
      },
      "model.layers.12.self_attn.o_proj.linear": {
        "bits": 4,
        "group_size": -1,
        "symmetric": true
      },
      "model.layers.12.mlp.up_proj.linear": {
        "bits": 4,
        "group_size": -1,
        "symmetric": true
      },
      "model.layers.12.mlp.gate_proj.linear": {
        "bits": 4,
        "group_size": -1,
        "symmetric": true
      },
      "model.layers.12.mlp.down_proj.linear": {
        "bits": 4,
        "group_size": -1,
        "symmetric": true
      },
      "model.layers.13.self_attn.q_proj.linear": {
        "bits": 4,
        "group_size": -1,
        "symmetric": true
      },
      "model.layers.13.self_attn.k_proj.linear": {
        "bits": 4,
        "group_size": -1,
        "symmetric": true
      },
      "model.layers.13.self_attn.v_proj.linear": {
        "bits": 4,
        "group_size": -1,
        "symmetric": true
      },
      "model.layers.13.self_attn.o_proj.linear": {
        "bits": 4,
        "group_size": -1,
        "symmetric": true
      },
      "model.layers.13.mlp.up_proj.linear": {
        "bits": 4,
        "group_size": -1,
        "symmetric": true
      },
      "model.layers.13.mlp.gate_proj.linear": {
        "bits": 4,
        "group_size": -1,
        "symmetric": true
      },
      "model.layers.13.mlp.down_proj.linear": {
        "bits": 4,
        "group_size": -1,
        "symmetric": true
      },
      "model.layers.14.self_attn.q_proj.linear": {
        "bits": 4,
        "group_size": -1,
        "symmetric": true
      },
      "model.layers.14.self_attn.k_proj.linear": {
        "bits": 4,
        "group_size": -1,
        "symmetric": true
      },
      "model.layers.14.self_attn.v_proj.linear": {
        "bits": 4,
        "group_size": -1,
        "symmetric": true
      },
      "model.layers.14.self_attn.o_proj.linear": {
        "bits": 4,
        "group_size": -1,
        "symmetric": true
      },
      "model.layers.14.mlp.up_proj.linear": {
        "bits": 4,
        "group_size": -1,
        "symmetric": true
      },
      "model.layers.14.mlp.gate_proj.linear": {
        "bits": 4,
        "group_size": -1,
        "symmetric": true
      },
      "model.layers.14.mlp.down_proj.linear": {
        "bits": 4,
        "group_size": -1,
        "symmetric": true
      },
      "model.layers.15.self_attn.q_proj.linear": {
        "bits": 4,
        "group_size": -1,
        "symmetric": true
      },
      "model.layers.15.self_attn.k_proj.linear": {
        "bits": 4,
        "group_size": -1,
        "symmetric": true
      },
      "model.layers.15.self_attn.v_proj.linear": {
        "bits": 4,
        "group_size": -1,
        "symmetric": true
      },
      "model.layers.15.self_attn.o_proj.linear": {
        "bits": 4,
        "group_size": -1,
        "symmetric": true
      },
      "model.layers.15.mlp.up_proj.linear": {
        "bits": 4,
        "group_size": -1,
        "symmetric": true
      },
      "model.layers.15.mlp.gate_proj.linear": {
        "bits": 4,
        "group_size": -1,
        "symmetric": true
      },
      "model.layers.15.mlp.down_proj.linear": {
        "bits": 4,
        "group_size": -1,
        "symmetric": true
      },
      "model.layers.16.self_attn.q_proj.linear": {
        "bits": 4,
        "group_size": -1,
        "symmetric": true
      },
      "model.layers.16.self_attn.k_proj.linear": {
        "bits": 4,
        "group_size": -1,
        "symmetric": true
      },
      "model.layers.16.self_attn.v_proj.linear": {
        "bits": 4,
        "group_size": -1,
        "symmetric": true
      },
      "model.layers.16.self_attn.o_proj.linear": {
        "bits": 4,
        "group_size": -1,
        "symmetric": true
      },
      "model.layers.16.mlp.up_proj.linear": {
        "bits": 4,
        "group_size": -1,
        "symmetric": true
      },
      "model.layers.16.mlp.gate_proj.linear": {
        "bits": 4,
        "group_size": -1,
        "symmetric": true
      },
      "model.layers.16.mlp.down_proj.linear": {
        "bits": 4,
        "group_size": -1,
        "symmetric": true
      },
      "model.layers.17.self_attn.q_proj.linear": {
        "bits": 4,
        "group_size": -1,
        "symmetric": true
      },
      "model.layers.17.self_attn.k_proj.linear": {
        "bits": 4,
        "group_size": -1,
        "symmetric": true
      },
      "model.layers.17.self_attn.v_proj.linear": {
        "bits": 4,
        "group_size": -1,
        "symmetric": true
      },
      "model.layers.17.self_attn.o_proj.linear": {
        "bits": 4,
        "group_size": -1,
        "symmetric": true
      },
      "model.layers.17.mlp.up_proj.linear": {
        "bits": 4,
        "group_size": -1,
        "symmetric": true
      },
      "model.layers.17.mlp.gate_proj.linear": {
        "bits": 4,
        "group_size": -1,
        "symmetric": true
      },
      "model.layers.17.mlp.down_proj.linear": {
        "bits": 4,
        "group_size": -1,
        "symmetric": true
      },
      "model.layers.18.self_attn.q_proj.linear": {
        "bits": 4,
        "group_size": -1,
        "symmetric": true
      },
      "model.layers.18.self_attn.k_proj.linear": {
        "bits": 4,
        "group_size": -1,
        "symmetric": true
      },
      "model.layers.18.self_attn.v_proj.linear": {
        "bits": 4,
        "group_size": -1,
        "symmetric": true
      },
      "model.layers.18.self_attn.o_proj.linear": {
        "bits": 4,
        "group_size": -1,
        "symmetric": true
      },
      "model.layers.18.mlp.up_proj.linear": {
        "bits": 4,
        "group_size": -1,
        "symmetric": true
      },
      "model.layers.18.mlp.gate_proj.linear": {
        "bits": 4,
        "group_size": -1,
        "symmetric": true
      },
      "model.layers.18.mlp.down_proj.linear": {
        "bits": 4,
        "group_size": -1,
        "symmetric": true
      },
      "model.layers.19.self_attn.q_proj.linear": {
        "bits": 4,
        "group_size": -1,
        "symmetric": true
      },
      "model.layers.19.self_attn.k_proj.linear": {
        "bits": 4,
        "group_size": -1,
        "symmetric": true
      },
      "model.layers.19.self_attn.v_proj.linear": {
        "bits": 4,
        "group_size": -1,
        "symmetric": true
      },
      "model.layers.19.self_attn.o_proj.linear": {
        "bits": 4,
        "group_size": -1,
        "symmetric": true
      },
      "model.layers.19.mlp.up_proj.linear": {
        "bits": 4,
        "group_size": -1,
        "symmetric": true
      },
      "model.layers.19.mlp.gate_proj.linear": {
        "bits": 4,
        "group_size": -1,
        "symmetric": true
      },
      "model.layers.19.mlp.down_proj.linear": {
        "bits": 4,
        "group_size": -1,
        "symmetric": true
      },
      "model.layers.20.self_attn.q_proj.linear": {
        "bits": 4,
        "group_size": -1,
        "symmetric": true
      },
      "model.layers.20.self_attn.k_proj.linear": {
        "bits": 4,
        "group_size": -1,
        "symmetric": true
      },
      "model.layers.20.self_attn.v_proj.linear": {
        "bits": 4,
        "group_size": -1,
        "symmetric": true
      },
      "model.layers.20.self_attn.o_proj.linear": {
        "bits": 4,
        "group_size": -1,
        "symmetric": true
      },
      "model.layers.20.mlp.up_proj.linear": {
        "bits": 4,
        "group_size": -1,
        "symmetric": true
      },
      "model.layers.20.mlp.gate_proj.linear": {
        "bits": 4,
        "group_size": -1,
        "symmetric": true
      },
      "model.layers.20.mlp.down_proj.linear": {
        "bits": 4,
        "group_size": -1,
        "symmetric": true
      },
      "model.layers.21.self_attn.q_proj.linear": {
        "bits": 4,
        "group_size": -1,
        "symmetric": true
      },
      "model.layers.21.self_attn.k_proj.linear": {
        "bits": 4,
        "group_size": -1,
        "symmetric": true
      },
      "model.layers.21.self_attn.v_proj.linear": {
        "bits": 4,
        "group_size": -1,
        "symmetric": true
      },
      "model.layers.21.self_attn.o_proj.linear": {
        "bits": 4,
        "group_size": -1,
        "symmetric": true
      },
      "model.layers.21.mlp.up_proj.linear": {
        "bits": 4,
        "group_size": -1,
        "symmetric": true
      },
      "model.layers.21.mlp.gate_proj.linear": {
        "bits": 4,
        "group_size": -1,
        "symmetric": true
      },
      "model.layers.21.mlp.down_proj.linear": {
        "bits": 4,
        "group_size": -1,
        "symmetric": true
      },
      "model.layers.22.self_attn.q_proj.linear": {
        "bits": 4,
        "group_size": -1,
        "symmetric": true
      },
      "model.layers.22.self_attn.k_proj.linear": {
        "bits": 4,
        "group_size": -1,
        "symmetric": true
      },
      "model.layers.22.self_attn.v_proj.linear": {
        "bits": 4,
        "group_size": -1,
        "symmetric": true
      },
      "model.layers.22.self_attn.o_proj.linear": {
        "bits": 4,
        "group_size": -1,
        "symmetric": true
      },
      "model.layers.22.mlp.up_proj.linear": {
        "bits": 4,
        "group_size": -1,
        "symmetric": true
      },
      "model.layers.22.mlp.gate_proj.linear": {
        "bits": 4,
        "group_size": -1,
        "symmetric": true
      },
      "model.layers.22.mlp.down_proj.linear": {
        "bits": 4,
        "group_size": -1,
        "symmetric": true
      },
      "model.layers.23.self_attn.q_proj.linear": {
        "bits": 4,
        "group_size": -1,
        "symmetric": true
      },
      "model.layers.23.self_attn.k_proj.linear": {
        "bits": 4,
        "group_size": -1,
        "symmetric": true
      },
      "model.layers.23.self_attn.v_proj.linear": {
        "bits": 4,
        "group_size": -1,
        "symmetric": true
      },
      "model.layers.23.self_attn.o_proj.linear": {
        "bits": 4,
        "group_size": -1,
        "symmetric": true
      },
      "model.layers.23.mlp.up_proj.linear": {
        "bits": 4,
        "group_size": -1,
        "symmetric": true
      },
      "model.layers.23.mlp.gate_proj.linear": {
        "bits": 4,
        "group_size": -1,
        "symmetric": true
      },
      "model.layers.23.mlp.down_proj.linear": {
        "bits": 4,
        "group_size": -1,
        "symmetric": true
      },
      "model.layers.24.self_attn.q_proj.linear": {
        "bits": 4,
        "group_size": -1,
        "symmetric": true
      },
      "model.layers.24.self_attn.k_proj.linear": {
        "bits": 4,
        "group_size": -1,
        "symmetric": true
      },
      "model.layers.24.self_attn.v_proj.linear": {
        "bits": 4,
        "group_size": -1,
        "symmetric": true
      },
      "model.layers.24.self_attn.o_proj.linear": {
        "bits": 4,
        "group_size": -1,
        "symmetric": true
      },
      "model.layers.24.mlp.up_proj.linear": {
        "bits": 4,
        "group_size": -1,
        "symmetric": true
      },
      "model.layers.24.mlp.gate_proj.linear": {
        "bits": 4,
        "group_size": -1,
        "symmetric": true
      },
      "model.layers.24.mlp.down_proj.linear": {
        "bits": 4,
        "group_size": -1,
        "symmetric": true
      },
      "model.layers.25.self_attn.q_proj.linear": {
        "bits": 4,
        "group_size": -1,
        "symmetric": true
      },
      "model.layers.25.self_attn.k_proj.linear": {
        "bits": 4,
        "group_size": -1,
        "symmetric": true
      },
      "model.layers.25.self_attn.v_proj.linear": {
        "bits": 4,
        "group_size": -1,
        "symmetric": true
      },
      "model.layers.25.self_attn.o_proj.linear": {
        "bits": 4,
        "group_size": -1,
        "symmetric": true
      },
      "model.layers.25.mlp.up_proj.linear": {
        "bits": 4,
        "group_size": -1,
        "symmetric": true
      },
      "model.layers.25.mlp.gate_proj.linear": {
        "bits": 4,
        "group_size": -1,
        "symmetric": true
      },
      "model.layers.25.mlp.down_proj.linear": {
        "bits": 4,
        "group_size": -1,
        "symmetric": true
      },
      "model.layers.26.self_attn.q_proj.linear": {
        "bits": 4,
        "group_size": -1,
        "symmetric": true
      },
      "model.layers.26.self_attn.k_proj.linear": {
        "bits": 4,
        "group_size": -1,
        "symmetric": true
      },
      "model.layers.26.self_attn.v_proj.linear": {
        "bits": 4,
        "group_size": -1,
        "symmetric": true
      },
      "model.layers.26.self_attn.o_proj.linear": {
        "bits": 4,
        "group_size": -1,
        "symmetric": true
      },
      "model.layers.26.mlp.up_proj.linear": {
        "bits": 4,
        "group_size": -1,
        "symmetric": true
      },
      "model.layers.26.mlp.gate_proj.linear": {
        "bits": 4,
        "group_size": -1,
        "symmetric": true
      },
      "model.layers.26.mlp.down_proj.linear": {
        "bits": 4,
        "group_size": -1,
        "symmetric": true
      },
      "model.layers.27.self_attn.q_proj.linear": {
        "bits": 4,
        "group_size": -1,
        "symmetric": true
      },
      "model.layers.27.self_attn.k_proj.linear": {
        "bits": 4,
        "group_size": -1,
        "symmetric": true
      },
      "model.layers.27.self_attn.v_proj.linear": {
        "bits": 4,
        "group_size": -1,
        "symmetric": true
      },
      "model.layers.27.self_attn.o_proj.linear": {
        "bits": 4,
        "group_size": -1,
        "symmetric": true
      },
      "model.layers.27.mlp.up_proj.linear": {
        "bits": 4,
        "group_size": -1,
        "symmetric": true
      },
      "model.layers.27.mlp.gate_proj.linear": {
        "bits": 4,
        "group_size": -1,
        "symmetric": true
      },
      "model.layers.27.mlp.down_proj.linear": {
        "bits": 4,
        "group_size": -1,
        "symmetric": true
      }
    },
    "flat_parameters_path": "/home/ma-user/work/algorithm-v1/results-npu/quantization/Qwen2.5-7B-Instruct/flatquant/flatquant_w4a4_seq512/flat_parameters.pth"
  }
}
[2026-03-22 19:42:29] END return_code=0
